"filename","samp_type","cruise","station","cast","depth","abs_depth","rosette","tripl","id","untripl","date_run","timestamp","time","lat","lon","DCM_depth","sla","local_hour","temp","sal","theta","dic","alk","ph","oxy_um","PAR","PAR_perc","no23_um","po4_um","DON_um","DOP_um","si_um","PC_um","PN_um","chl_ug","phaeo_ug","beam_atten","het_abund","pro_abund","syn_abund","euk_abund"
"170706_Blk_Blk0p2_1.mzML","Blk","MC",NA,NA,NA,NA,NA,NA,NA,NA,2017-07-06,2017-07-09 00:25:06,NA,NA,NA,NA,NA,NA,NA,NA,NA,NA,NA,NA,NA,NA,NA,NA,NA,NA,NA,NA,NA,NA,NA,NA,NA,NA,NA,NA,NA
"170706_Blk_Blk0p2_2.mzML","Blk","MC",NA,NA,NA,NA,NA,NA,NA,NA,2017-07-06,2017-07-11 18:16:51,NA,NA,NA,NA,NA,NA,NA,NA,NA,NA,NA,NA,NA,NA,NA,NA,NA,NA,NA,NA,NA,NA,NA,NA,NA,NA,NA,NA,NA
"180205_Std_4uMStdsInH2O_1.mzML","Std","MC",NA,NA,NA,NA,NA,NA,NA,NA,2018-02-05,2018-02-05 20:00:46,NA,NA,NA,NA,NA,NA,NA,NA,NA,NA,NA,NA,NA,NA,NA,NA,NA,NA,NA,NA,NA,NA,NA,NA,NA,NA,NA,NA,NA
"180205_Std_4uMStdsInMatrix_1.mzML","Std","MC",NA,NA,NA,NA,NA,NA,NA,NA,2018-02-05,2018-02-05 21:41:47,NA,NA,NA,NA,NA,NA,NA,NA,NA,NA,NA,NA,NA,NA,NA,NA,NA,NA,NA,NA,NA,NA,NA,NA,NA,NA,NA,NA,NA
"180205_Poo_TruePoo_Full1.mzML","Poo","MC",NA,NA,NA,NA,NA,NA,NA,NA,2018-02-05,2018-02-06 01:03:46,NA,NA,NA,NA,NA,NA,NA,NA,NA,NA,NA,NA,NA,NA,NA,NA,NA,NA,NA,NA,NA,NA,NA,NA,NA,NA,NA,NA,NA
"180205_Poo_TruePoo_Half1.mzML","Poo","MC",NA,NA,NA,NA,NA,NA,NA,NA,2018-02-05,2018-02-06 01:54:16,NA,NA,NA,NA,NA,NA,NA,NA,NA,NA,NA,NA,NA,NA,NA,NA,NA,NA,NA,NA,NA,NA,NA,NA,NA,NA,NA,NA,NA
"180205_Smp_L2C1DCMless20m_A.mzML","Smp","MC","L2",1,"DCMless20m",103,NA,"A","L2C1DCM-20m_A","180205_Smp_L2C1DCMless20m",2018-02-05,2018-02-06 04:25:48,2017-07-08 18:00:09,26.5011666666667,-158.440333333333,123,0.2514,8,22.533,35.201,22.512,2003.7,2319,8.059,215.87755511022,0.466321,0.9363333,0,0.0774419827724938,NA,0.143927607473825,1.12293756915081,2.14592966151194,0.321379673746951,0.2324,0.4592,0.0356651515151515,4.435,1.917,0.008,0.012
"180205_Smp_L1C33DCMplus10m_A.mzML","Smp","MC","L1",33,"DCMplus10m",114.5,11,"A","L1C33DCM+10m_A","180205_Smp_L1C33DCMplus10m",2018-02-05,2018-02-06 05:16:17,2017-07-07 18:37:12,24.6968333333333,-158.6675,104,-0.1322,8,17.708,34.851,17.689,2020.8,2332,8.054,218.947058823529,0.3578842,0.71,1.13998102915707,0.180094864976622,NA,0.112952193944691,3.58226503296613,2.36852455327166,0.379977569938078,0.284236842105263,0.621321052631579,0.049532,4.44052631578947,0.616631578947368,0.00226315789473684,0.0407368421052632
"180205_Smp_L2C2DCMplus20m_A.mzML","Smp","MC","L2",2,"DCMplus20m",143,NA,"A","L2C2DCM+20m_A","180205_Smp_L2C2DCMplus20m",2018-02-05,2018-02-06 06:57:19,2017-07-08 19:26:50,26.4993333333333,-158.4395,123,0.2513,9,21.0075,35.256,20.9805,2003.7,2319,8.059,215.364516129032,0.05407,0.1074167,0.0866438751582992,0.0758687839088324,NA,0.12763485975931,1.54119898428614,1.27225217373061,0.232806595951109,0.147,0.3494,0.0279515151515152,3.484,0.285,0.001,0.012
"180205_Smp_L2C2DCMplus10m_A.mzML","Smp","MC","L2",2,"DCMplus10m",133,NA,"A","L2C2DCM+10m_A","180205_Smp_L2C2DCMplus10m",2018-02-05,2018-02-06 07:47:49,2017-07-08 19:26:50,26.4993333333333,-158.4395,123,0.2513,9,21.222,35.256,21.196,2003.7,2319,8.059,214.028110599078,0.08934917,0.1783333,0.118475231099638,0.0653435760274332,NA,0.136875475666732,1.34956911041059,1.67803215319894,0.300175925283776,0.1818,0.4703,0.0313818181818182,3.718,0.421,0.001,0.015
"180205_Smp_L1C32DCMless10m_A.mzML","Smp","MC","L1",32,"DCMless10m",98.8,12,"A","L1C32DCM-10m_A","180205_Smp_L1C32DCMless10m",2018-02-05,2018-02-06 08:38:20,2017-07-07 17:04:08,24.6976666666667,-158.669666666667,108,-0.1322,7,18.616,34.95,18.599,2020.8,2332,8.054,229.709505703422,0.7675973,1.523333,0,0.0748619939361892,NA,0.128157959064308,3.28131354138696,2.1483479758938,0.367295880156366,0.192264,0.309784,0.0390541792547835,4.71556,1.29928,0.013,0.02076
"180205_Smp_L1C32DCMless20m_A.mzML","Smp","MC","L1",32,"DCMless20m",88.8,17,"A","L1C32DCM-20m_A","180205_Smp_L1C32DCMless20m",2018-02-05,2018-02-06 11:09:50,2017-07-07 17:04:08,24.6976666666667,-158.669666666667,108,-0.1322,7,19.039,34.984,19.023,2020.8,2332,8.054,233.663878326996,1.17226,2.326,0,0.0497717515281938,NA,0.135932260631034,3.69349410418637,2.55849628967331,0.416448122541613,0.166448,0.187024,0.0394519637462236,4.44984,1.66604,0.01324,0.01452
"180205_Smp_L2C2DCM_A.mzML","Smp","MC","L2",2,"DCM",123,NA,"A","L2C2DCM_A","180205_Smp_L2C2DCM",2018-02-05,2018-02-06 12:00:21,2017-07-08 19:26:50,26.4993333333333,-158.4395,123,0.2513,9,21.8080689655172,35.2286206896552,21.7840689655172,2003.7,2319,8.059,213.512825651303,0.142057203448276,0.284195406896552,0.0858615376850866,0.0699109275670953,NA,0.139784226272171,1.31022158239029,1.76659121789627,0.323024688567509,0.2008,0.5896,0.0362511961722488,3.753,0.581,0,0.022
"180205_Smp_L1C33DCM_A.mzML","Smp","MC","L1",33,"DCM",103.5,16,"A","L1C33DCM_A","180205_Smp_L1C33DCM",2018-02-05,2018-02-06 13:41:22,2017-07-07 18:37:12,24.6968333333333,-158.6675,104,-0.1322,8,18.3955,34.929,18.3775,2020.8,2332,8.054,227.035294117647,0.6278308,1.245833,0,0.0951851759899318,NA,0.131791002183663,2.8633995414366,2.26349063312005,0.362995968882057,0.252677777777778,0.478472222222222,0.0472212121212121,4.80963888888889,0.882027777777778,0.00847222222222222,0.03275
"180205_Smp_L1C33DCMplus20m_A.mzML","Smp","MC","L1",33,"DCMplus20m",124.4,8,"A","L1C33DCM+20m_A","180205_Smp_L1C33DCMplus20m",2018-02-05,2018-02-06 14:31:51,2017-07-07 18:37:12,24.6968333333333,-158.6675,104,-0.1322,8,16.7335,34.724,16.713,2020.8,2332,8.054,211.667647058824,0.200609316666666,0.398,2.5654262202552,0.270650268152178,NA,0.104732324330163,4.30362661989631,1.90402885046279,0.320215474346455,0.1022,0.3561,0.034725,2.025,0.233,0,0.011
"180205_Smp_L2C1DCMless10m_A.mzML","Smp","MC","L2",1,"DCMless10m",113,NA,"A","L2C1DCM-10m_A","180205_Smp_L2C1DCMless10m",2018-02-05,2018-02-06 15:22:21,2017-07-08 18:00:09,26.5011666666667,-158.440333333333,123,0.2514,8,22.231,35.207,22.208,2003.7,2319,8.059,214.695190380762,0.249646,0.4996667,0,0.0781626093487516,NA,0.139232905658047,1.21415229319787,2.22698668898027,0.327876014190633,0.2134,0.6017,0.0355,4.396,1.223,0.002,0.016
"180205_Poo_TruePoo_Half2.mzML","Poo","MC",NA,NA,NA,NA,NA,NA,NA,NA,2018-02-05,2018-02-06 19:34:55,NA,NA,NA,NA,NA,NA,NA,NA,NA,NA,NA,NA,NA,NA,NA,NA,NA,NA,NA,NA,NA,NA,NA,NA,NA,NA,NA,NA,NA
"180205_Poo_TruePoo_Full2.mzML","Poo","MC",NA,NA,NA,NA,NA,NA,NA,NA,2018-02-05,2018-02-06 20:25:24,NA,NA,NA,NA,NA,NA,NA,NA,NA,NA,NA,NA,NA,NA,NA,NA,NA,NA,NA,NA,NA,NA,NA,NA,NA,NA,NA,NA,NA
"180205_Smp_L1C33DCM_B.mzML","Smp","MC","L1",33,"DCM",103.7,17,"B","L1C33DCM_B","180205_Smp_L1C33DCM",2018-02-05,2018-02-06 23:47:28,2017-07-07 18:37:12,24.6968333333333,-158.6675,104,-0.1322,8,18.2795,34.9175,18.2615,2020.8,2332,8.054,226.888235294118,0.6216465,1.2335,0,0.0928044876336868,NA,0.131960904578704,2.8435231533992,2.25305374542525,0.363173256290547,0.248366666666667,0.458083333333333,0.0487924242424242,4.77458333333333,0.920416666666667,0.00908333333333334,0.03125
"180205_Smp_L2C2DCMplus10m_B.mzML","Smp","MC","L2",2,"DCMplus10m",133,NA,"B","L2C2DCM+10m_B","180205_Smp_L2C2DCMplus10m",2018-02-05,2018-02-07 01:28:28,2017-07-08 19:26:50,26.4993333333333,-158.4395,123,0.2513,9,21.222,35.256,21.196,2003.7,2319,8.059,214.028110599078,0.08934917,0.1783333,0.118475231099638,0.0653435760274332,NA,0.136875475666732,1.34956911041059,1.67803215319894,0.300175925283776,0.1818,0.4703,0.0313818181818182,3.718,0.421,0.001,0.015
"180205_Smp_L2C1DCMless10m_B.mzML","Smp","MC","L2",1,"DCMless10m",113,NA,"B","L2C1DCM-10m_B","180205_Smp_L2C1DCMless10m",2018-02-05,2018-02-07 02:18:56,2017-07-08 18:00:09,26.5011666666667,-158.440333333333,123,0.2514,8,22.231,35.207,22.208,2003.7,2319,8.059,214.695190380762,0.249646,0.4996667,0,0.0781626093487516,NA,0.139232905658047,1.21415229319787,2.22698668898027,0.327876014190633,0.2134,0.6017,0.0355,4.396,1.223,0.002,0.016
"180205_Smp_L1C32DCMless10m_B.mzML","Smp","MC","L1",32,"DCMless10m",98,13,"B","L1C32DCM-10m_B","180205_Smp_L1C32DCMless10m",2018-02-05,2018-02-07 04:50:29,2017-07-07 17:04:08,24.6976666666667,-158.669666666667,108,-0.1322,7,17.91,34.872,17.8935,2020.8,2332,8.054,230.025855513308,0.80154,1.59,0,0.0736417755355461,NA,0.128917002140506,3.16409461782246,2.20079735023141,0.37310645250507,0.18972,0.29492,0.051450755287009,4.6858,1.3244,0.013,0.0198
"180205_Smp_L2C1DCMless20m_B.mzML","Smp","MC","L2",1,"DCMless20m",103,NA,"B","L2C1DCM-20m_B","180205_Smp_L2C1DCMless20m",2018-02-05,2018-02-07 05:40:57,2017-07-08 18:00:09,26.5011666666667,-158.440333333333,123,0.2514,8,22.533,35.201,22.512,2003.7,2319,8.059,215.87755511022,0.466321,0.9363333,0,0.0774419827724938,NA,0.143927607473825,1.12293756915081,2.14592966151194,0.321379673746951,0.2324,0.4592,0.0356651515151515,4.435,1.917,0.008,0.012
"180205_Smp_L1C33DCMplus20m_B.mzML","Smp","MC","L1",33,"DCMplus20m",124.3,7,"B","L1C33DCM+20m_B","180205_Smp_L1C33DCMplus20m",2018-02-05,2018-02-07 07:21:59,2017-07-07 18:37:12,24.6968333333333,-158.6675,104,-0.1322,8,17.217,34.788,17.196,2020.8,2332,8.054,211.741176470588,0.2017112,0.4001667,2.55704127640483,0.270176753316119,NA,0.104673730265549,4.29119802094308,1.91552488571122,0.321595187531347,0.104903703703704,0.360688888888889,0.041855,2.05055555555556,0.238555555555556,1.85185185185201e-05,0.0113518518518519
"180205_Smp_L1C32DCMless20m_B.mzML","Smp","MC","L1",32,"DCMless20m",88.5,18,"B","L1C32DCM-20m_B","180205_Smp_L1C32DCMless20m",2018-02-05,2018-02-07 08:12:29,2017-07-07 17:04:08,24.6976666666667,-158.669666666667,108,-0.1322,7,19.042,34.984,19.026,2020.8,2332,8.054,233.782509505703,1.190775,2.3625,0,0.0496012798398687,NA,0.136361349358166,3.77478539754067,2.563725460024,0.417245915879815,0.16616,0.18553,0.0410833836858006,4.4523,1.6673,0.0133,0.0144
"180205_Smp_L2C2DCM_B.mzML","Smp","MC","L2",2,"DCM",123,NA,"B","L2C2DCM_B","180205_Smp_L2C2DCM",2018-02-05,2018-02-07 09:53:29,2017-07-08 19:26:50,26.4993333333333,-158.4395,123,0.2513,9,21.8080689655172,35.2286206896552,21.7840689655172,2003.7,2319,8.059,213.512825651303,0.142057203448276,0.284195406896552,0.0858615376850866,0.0699109275670953,NA,0.139784226272171,1.31022158239029,1.76659121789627,0.323024688567509,0.2008,0.5896,0.0362511961722488,3.753,0.581,0,0.022
"180205_Smp_L2C2DCMplus20m_B.mzML","Smp","MC","L2",2,"DCMplus20m",143,NA,"B","L2C2DCM+20m_B","180205_Smp_L2C2DCMplus20m",2018-02-05,2018-02-07 12:25:01,2017-07-08 19:26:50,26.4993333333333,-158.4395,123,0.2513,9,21.0075,35.256,20.9805,2003.7,2319,8.059,215.364516129032,0.05407,0.1074167,0.0866438751582992,0.0758687839088324,NA,0.12763485975931,1.54119898428614,1.27225217373061,0.232806595951109,0.147,0.3494,0.0279515151515152,3.484,0.285,0.001,0.012
"180205_Smp_L1C33DCMplus10m_B.mzML","Smp","MC","L1",33,"DCMplus10m",114.8,12,"B","L1C33DCM+10m_B","180205_Smp_L1C33DCMplus10m",2018-02-05,2018-02-07 13:15:29,2017-07-07 18:37:12,24.6968333333333,-158.6675,104,-0.1322,8,17.703,34.85,17.684,2020.8,2332,8.054,218.726470588235,0.3498637,0.694,1.20482491070229,0.18442723844518,NA,0.112193264004445,3.58561284919652,2.43507821554419,0.387362856840294,0.284978947368421,0.617073684210526,0.049352,4.61784210526315,0.60621052631579,0.00242105263157894,0.0405789473684211
"180205_Poo_TruePoo_Half3.mzML","Poo","MC",NA,NA,NA,NA,NA,NA,NA,NA,2018-02-05,2018-02-07 17:28:03,NA,NA,NA,NA,NA,NA,NA,NA,NA,NA,NA,NA,NA,NA,NA,NA,NA,NA,NA,NA,NA,NA,NA,NA,NA,NA,NA,NA,NA
"180205_Smp_L1C32DCMless10m_C.mzML","Smp","MC","L1",32,"DCMless10m",98.4,14,"C","L1C32DCM-10m_C","180205_Smp_L1C32DCMless10m",2018-02-05,2018-02-08 00:12:08,2017-07-07 17:04:08,24.6976666666667,-158.669666666667,108,-0.1322,7,18.63,34.951,18.613,2020.8,2332,8.054,229.867680608365,0.7845687,1.556667,0,0.0742518847358677,NA,0.128537480602407,3.22270407960471,2.1745726630626,0.370201166330718,0.190992,0.302352,0.0384902316213495,4.70068,1.31184,0.013,0.02028
"180205_Smp_L2C1DCMless20m_C.mzML","Smp","MC","L2",1,"DCMless20m",103,NA,"C","L2C1DCM-20m_C","180205_Smp_L2C1DCMless20m",2018-02-05,2018-02-08 01:02:39,2017-07-08 18:00:09,26.5011666666667,-158.440333333333,123,0.2514,8,22.533,35.201,22.512,2003.7,2319,8.059,215.87755511022,0.466321,0.9363333,0,0.0774419827724938,NA,0.143927607473825,1.12293756915081,2.14592966151194,0.321379673746951,0.2324,0.4592,0.0356651515151515,4.435,1.917,0.008,0.012
"180205_Smp_L1C33DCMplus20m_C.mzML","Smp","MC","L1",33,"DCMplus20m",124.8,6,"C","L1C33DCM+20m_C","180205_Smp_L1C33DCMplus20m",2018-02-05,2018-02-08 02:43:41,2017-07-07 18:37:12,24.6968333333333,-158.6675,104,-0.1322,8,17.0815,34.7735,17.061,2020.8,2332,8.054,211.373529411765,0.196202,0.389333316666666,2.59896599565668,0.272544327496414,NA,0.10496670058862,4.35334101570922,1.85804470946908,0.314696621606891,0.2028,0.5262,0.040705,3.702,0.432,0.001,0.025
"180205_Smp_L2C2DCM_C.mzML","Smp","MC","L2",2,"DCM",123,NA,"C","L2C2DCM_C","180205_Smp_L2C2DCM",2018-02-05,2018-02-08 03:34:09,2017-07-08 19:26:50,26.4993333333333,-158.4395,123,0.2513,9,21.8080689655172,35.2286206896552,21.7840689655172,2003.7,2319,8.059,213.512825651303,0.142057203448276,0.284195406896552,0.0858615376850866,0.0699109275670953,NA,0.139784226272171,1.31022158239029,1.76659121789627,0.323024688567509,0.2008,0.5896,0.0362511961722488,3.753,0.581,0,0.022
"180205_Smp_L1C33DCMplus10m_C.mzML","Smp","MC","L1",33,"DCMplus10m",114.1,13,"C","L1C33DCM+10m_C","180205_Smp_L1C33DCMplus10m",2018-02-05,2018-02-08 05:15:11,2017-07-07 18:37:12,24.6968333333333,-158.6675,104,-0.1322,8,17.713,34.851,17.694,2020.8,2332,8.054,219.241176470588,0.3685782,0.7313333,1.05352252043012,0.174318367018544,NA,0.113964100531686,3.57780127799227,2.27978633690828,0.370130520735123,0.283247368421053,0.626984210526316,0.0496757575757576,4.20410526315789,0.630526315789474,0.00205263157894737,0.0409473684210526
"180205_Smp_L1C32DCMless20m_C.mzML","Smp","MC","L1",32,"DCMless20m",88.2,19,"C","L1C32DCM-20m_C","180205_Smp_L1C32DCMless20m",2018-02-05,2018-02-08 06:05:39,2017-07-07 17:04:08,24.6976666666667,-158.669666666667,108,-0.1322,7,19.045,34.984,19.029,2020.8,2332,8.054,233.901140684411,1.20929,2.399,0,0.0494308081515435,NA,0.136790438085298,3.85607669089498,2.56895463037468,0.418043709218017,0.165872,0.184036,0.040361329305136,4.45476,1.66856,0.01336,0.01428
"180205_Smp_L2C2DCMplus10m_C.mzML","Smp","MC","L2",2,"DCMplus10m",133,NA,"C","L2C2DCM+10m_C","180205_Smp_L2C2DCMplus10m",2018-02-05,2018-02-08 07:46:41,2017-07-08 19:26:50,26.4993333333333,-158.4395,123,0.2513,9,21.222,35.256,21.196,2003.7,2319,8.059,214.028110599078,0.08934917,0.1783333,0.118475231099638,0.0653435760274332,NA,0.136875475666732,1.34956911041059,1.67803215319894,0.300175925283776,0.1818,0.4703,0.0313818181818182,3.718,0.421,0.001,0.015
"180205_Smp_L2C1DCMless10m_C.mzML","Smp","MC","L2",1,"DCMless10m",113,NA,"C","L2C1DCM-10m_C","180205_Smp_L2C1DCMless10m",2018-02-05,2018-02-08 08:37:09,2017-07-08 18:00:09,26.5011666666667,-158.440333333333,123,0.2514,8,22.231,35.207,22.208,2003.7,2319,8.059,214.695190380762,0.249646,0.4996667,0,0.0781626093487516,NA,0.139232905658047,1.21415229319787,2.22698668898027,0.327876014190633,0.2134,0.6017,0.0355,4.396,1.223,0.002,0.016
"180205_Smp_L1C33DCM_C.mzML","Smp","MC","L1",33,"DCM",103.5,18,"C","L1C33DCM_C","180205_Smp_L1C33DCM",2018-02-05,2018-02-08 09:27:42,2017-07-07 18:37:12,24.6968333333333,-158.6675,104,-0.1322,8,18.3955,34.929,18.3775,2020.8,2332,8.054,227.035294117647,0.6278308,1.245833,0,0.0951851759899318,NA,0.131791002183663,2.8633995414366,2.26349063312005,0.362995968882057,0.252677777777778,0.478472222222222,0.0472212121212121,4.80963888888889,0.882027777777778,0.00847222222222222,0.03275
"180205_Smp_L2C2DCMplus20m_C.mzML","Smp","MC","L2",2,"DCMplus20m",143,NA,"C","L2C2DCM+20m_C","180205_Smp_L2C2DCMplus20m",2018-02-05,2018-02-08 11:08:43,2017-07-08 19:26:50,26.4993333333333,-158.4395,123,0.2513,9,21.0075,35.256,20.9805,2003.7,2319,8.059,215.364516129032,0.05407,0.1074167,0.0866438751582992,0.0758687839088324,NA,0.12763485975931,1.54119898428614,1.27225217373061,0.232806595951109,0.147,0.3494,0.0279515151515152,3.484,0.285,0.001,0.012
"180205_Poo_TruePoo_Full3.mzML","Poo","MC",NA,NA,NA,NA,NA,NA,NA,NA,2018-02-05,2018-02-08 11:59:10,NA,NA,NA,NA,NA,NA,NA,NA,NA,NA,NA,NA,NA,NA,NA,NA,NA,NA,NA,NA,NA,NA,NA,NA,NA,NA,NA,NA,NA
"180205_Std_4uMStdsInMatrix_2.mzML","Std","MC",NA,NA,NA,NA,NA,NA,NA,NA,2018-02-05,2018-02-08 13:40:14,NA,NA,NA,NA,NA,NA,NA,NA,NA,NA,NA,NA,NA,NA,NA,NA,NA,NA,NA,NA,NA,NA,NA,NA,NA,NA,NA,NA,NA
"180205_Std_4uMStdsInH2O_2.mzML","Std","MC",NA,NA,NA,NA,NA,NA,NA,NA,2018-02-05,2018-02-08 14:30:42,NA,NA,NA,NA,NA,NA,NA,NA,NA,NA,NA,NA,NA,NA,NA,NA,NA,NA,NA,NA,NA,NA,NA,NA,NA,NA,NA,NA,NA
"180821_Std_4uMStdsMix1InH2O_1.mzML","Std","MT",NA,NA,NA,NA,NA,NA,NA,NA,2018-08-21,2018-08-21 21:43:07,NA,NA,NA,NA,NA,NA,NA,NA,NA,NA,NA,NA,NA,NA,NA,NA,NA,NA,NA,NA,NA,NA,NA,NA,NA,NA,NA,NA,NA
"180821_Std_4uMStdsMix2InH2O_1.mzML","Std","MT",NA,NA,NA,NA,NA,NA,NA,NA,2018-08-21,2018-08-21 22:33:38,NA,NA,NA,NA,NA,NA,NA,NA,NA,NA,NA,NA,NA,NA,NA,NA,NA,NA,NA,NA,NA,NA,NA,NA,NA,NA,NA,NA,NA
"180821_Std_4uMStdsMix1InMatrix_1.mzML","Std","MT",NA,NA,NA,NA,NA,NA,NA,NA,2018-08-21,2018-08-21 23:24:10,NA,NA,NA,NA,NA,NA,NA,NA,NA,NA,NA,NA,NA,NA,NA,NA,NA,NA,NA,NA,NA,NA,NA,NA,NA,NA,NA,NA,NA
"180821_Std_4uMStdsMix2InMatrix_1.mzML","Std","MT",NA,NA,NA,NA,NA,NA,NA,NA,2018-08-21,2018-08-22 00:14:39,NA,NA,NA,NA,NA,NA,NA,NA,NA,NA,NA,NA,NA,NA,NA,NA,NA,NA,NA,NA,NA,NA,NA,NA,NA,NA,NA,NA,NA
"180821_Std_H2OInMatrix_1.mzML","Std","MT",NA,NA,NA,NA,NA,NA,NA,NA,2018-08-21,2018-08-22 02:46:09,NA,NA,NA,NA,NA,NA,NA,NA,NA,NA,NA,NA,NA,NA,NA,NA,NA,NA,NA,NA,NA,NA,NA,NA,NA,NA,NA,NA,NA
"180821_Smp_MS4C115m_A.mzML","Smp","MT","4",1,"15m",14.1,21,"A","MS4C115m_A","180821_Smp_MS4C115m",2018-08-21,2018-08-22 07:49:11,2017-06-29 10:48:40,27.9516666666667,-157.283666666667,100,-0.0392,0,25.755,35.298,25.752,NA,NA,NA,NA,NA,NA,0.00159508002605577,0.0277470530734098,4.68647471587983,0.18962661480401,1.82398213418255,1.92982875039667,0.299973722103169,0.0527,0.0326,0.0370784926855216,4.99304,1.62386,0.017,0.00791
"180821_Smp_MS5C1DCM_B.mzML","Smp","MT","5",1,"DCM",122.4,10,"B","MS5C1DCM_B","180821_Smp_MS5C1DCM",2018-08-21,2018-08-22 08:39:42,2017-06-29 22:12:29,27.18,-157.6075,122,0.1837,12,20.961,35.115,20.938,2042.62794117647,2311.95955882353,7.98890073529412,NA,NA,NA,0.655584286143351,0.145732942267807,4.34521283742473,0.138872830677587,2.43378568924647,1.49113650448023,0.252100121514182,0.249456344086022,0.51341311827957,0.0496785948372615,3.52155555555556,0.9162,0.000577777777777777,0.0264222222222222
"180821_Smp_MS6C3175m_C.mzML","Smp","MT","6",3,"175m",176.5,3,"C","MS6C3175m_C","180821_Smp_MS6C3175m",2018-08-21,2018-08-22 10:20:41,2017-06-30 09:34:20,26.37,-158.010666666667,119,0.252,23,20.394,35.233,20.361,2040,2320,8.02,NA,NA,NA,0.323757645329689,0.0910792020451582,4.47615300693945,0.130836005710001,2.04176701847622,0.729594588955196,0.137211676010645,0.0241,0.0599,0.0100092369477912,2.24924,0.01988,0,0.001
"180821_Smp_MS7C115m_B.mzML","Smp","MT","7",1,"15m",15.9,21,"B","MS7C115m_B","180821_Smp_MS7C115m",2018-08-21,2018-08-22 11:11:14,2017-06-30 11:35:43,26.17,-158.022333333333,133,0.228,1,25.816,35.2,25.812,2006.26694214876,2317.99338842975,8.06701983471074,207.109,NA,NA,0.00190533669909271,0.0394836996626904,4.74120125735861,0.195854096993953,1.57493011877055,1.84266168496116,0.277305066099557,0.0479972881355932,0.030691186440678,0.0355148641674577,4.96222,1.85844,0.01409,0.00815
"180821_Smp_MS8C1DCM_C.mzML","Smp","MT","8",1,"DCM",122.9,12,"C","MS8C1DCM_C","180821_Smp_MS8C1DCM",2018-08-21,2018-08-22 12:52:15,2017-06-30 18:11:24,25.925,-158.1235,122,0.1793,8,21.562,35.186,21.538,2038.36860706861,2315.02910602911,8.00823284823285,NA,NA,NA,0.488492181859794,0.126552496193916,4.31692806224459,0.141342184241257,1.85480115195033,1.59231714008666,0.28883693420372,0.235836382536383,0.540343243243243,0.0329178571428571,3.6904,0.87814,0.000699999999999997,0.02318
"180821_Smp_MS9C2175m_C.mzML","Smp","MT","9",2,"175m",175.2,3,"C","MS9C2175m_C","180821_Smp_MS9C2175m",2018-08-21,2018-08-22 13:42:44,2017-06-30 23:32:21,25.679,-158.225,110,0.1036,13,18.377,34.956,18.346,2049.7,2300,7.958,NA,NA,NA,2.7432065575677,0.263468828394789,3.66612178788048,0.106915344839276,3.48182364116928,0.611549848955446,0.115993375596628,0.0243,0.0617,0.00836565656565657,1.831016,0.015912,0,0.000992
"180821_Smp_MS10C215m_A.mzML","Smp","MT","10",2,"15m",15.8,20,"A","MS10C215m_A","180821_Smp_MS10C215m",2018-08-21,2018-08-22 15:23:45,2017-07-01 06:34:21,25.4318333333333,-158.327,110,0.0111,20,25.899,35.225,25.895,2004.6,2321,8.066,NA,NA,NA,0.00431293081531048,0.0418448577367276,4.78729860659269,0.198435096570249,1.61136453185521,1.7729574420251,0.275130628701757,0.049,0.0287,0.0416406436605535,4.56129333333333,1.53694666666667,0.011,0.00810666666666667
"180821_Poo_Day1and2Poo_Full1.mzML","Poo","MT",NA,NA,NA,NA,NA,NA,NA,NA,2018-08-21,2018-08-22 15:23:45,NA,NA,NA,NA,NA,NA,NA,NA,NA,NA,NA,NA,NA,NA,NA,NA,NA,NA,NA,NA,NA,NA,NA,NA,NA,NA,NA,NA,NA
"180821_Poo_Day1and2Poo_Full2.mzML","Poo","MT",NA,NA,NA,NA,NA,NA,NA,NA,2018-08-21,2018-08-22 15:23:45,NA,NA,NA,NA,NA,NA,NA,NA,NA,NA,NA,NA,NA,NA,NA,NA,NA,NA,NA,NA,NA,NA,NA,NA,NA,NA,NA,NA,NA
"180821_Poo_Day1and2Poo_Full3.mzML","Poo","MT",NA,NA,NA,NA,NA,NA,NA,NA,2018-08-21,2018-08-22 15:23:45,NA,NA,NA,NA,NA,NA,NA,NA,NA,NA,NA,NA,NA,NA,NA,NA,NA,NA,NA,NA,NA,NA,NA,NA,NA,NA,NA,NA,NA
"180821_Poo_Day1and2Poo_Full4.mzML","Poo","MT",NA,NA,NA,NA,NA,NA,NA,NA,2018-08-21,2018-08-22 15:23:45,NA,NA,NA,NA,NA,NA,NA,NA,NA,NA,NA,NA,NA,NA,NA,NA,NA,NA,NA,NA,NA,NA,NA,NA,NA,NA,NA,NA,NA
"180821_Poo_Day1and2Poo_Full5.mzML","Poo","MT",NA,NA,NA,NA,NA,NA,NA,NA,2018-08-21,2018-08-22 15:23:45,NA,NA,NA,NA,NA,NA,NA,NA,NA,NA,NA,NA,NA,NA,NA,NA,NA,NA,NA,NA,NA,NA,NA,NA,NA,NA,NA,NA,NA
"180821_Poo_Day1and2Poo_Full6.mzML","Poo","MT",NA,NA,NA,NA,NA,NA,NA,NA,2018-08-21,2018-08-22 15:23:45,NA,NA,NA,NA,NA,NA,NA,NA,NA,NA,NA,NA,NA,NA,NA,NA,NA,NA,NA,NA,NA,NA,NA,NA,NA,NA,NA,NA,NA
"180821_Poo_Day1and2Poo_Half1.mzML","Poo","MT",NA,NA,NA,NA,NA,NA,NA,NA,2018-08-21,2018-08-22 15:23:45,NA,NA,NA,NA,NA,NA,NA,NA,NA,NA,NA,NA,NA,NA,NA,NA,NA,NA,NA,NA,NA,NA,NA,NA,NA,NA,NA,NA,NA
"180821_Poo_Day1and2Poo_Half2.mzML","Poo","MT",NA,NA,NA,NA,NA,NA,NA,NA,2018-08-21,2018-08-22 15:23:45,NA,NA,NA,NA,NA,NA,NA,NA,NA,NA,NA,NA,NA,NA,NA,NA,NA,NA,NA,NA,NA,NA,NA,NA,NA,NA,NA,NA,NA
"180821_Poo_Day1and2Poo_Half3.mzML","Poo","MT",NA,NA,NA,NA,NA,NA,NA,NA,2018-08-21,2018-08-22 15:23:45,NA,NA,NA,NA,NA,NA,NA,NA,NA,NA,NA,NA,NA,NA,NA,NA,NA,NA,NA,NA,NA,NA,NA,NA,NA,NA,NA,NA,NA
"180821_Poo_Day1and2Poo_Half4.mzML","Poo","MT",NA,NA,NA,NA,NA,NA,NA,NA,2018-08-21,2018-08-22 15:23:45,NA,NA,NA,NA,NA,NA,NA,NA,NA,NA,NA,NA,NA,NA,NA,NA,NA,NA,NA,NA,NA,NA,NA,NA,NA,NA,NA,NA,NA
"180821_Poo_Day1and2Poo_Half5.mzML","Poo","MT",NA,NA,NA,NA,NA,NA,NA,NA,2018-08-21,2018-08-22 15:23:45,NA,NA,NA,NA,NA,NA,NA,NA,NA,NA,NA,NA,NA,NA,NA,NA,NA,NA,NA,NA,NA,NA,NA,NA,NA,NA,NA,NA,NA
"180821_Poo_Day1and2Poo_Half6.mzML","Poo","MT",NA,NA,NA,NA,NA,NA,NA,NA,2018-08-21,2018-08-22 15:23:45,NA,NA,NA,NA,NA,NA,NA,NA,NA,NA,NA,NA,NA,NA,NA,NA,NA,NA,NA,NA,NA,NA,NA,NA,NA,NA,NA,NA,NA
"180821_Smp_MS11C2DCM_B.mzML","Smp","MT","11",2,"DCM",110.7,11,"B","MS11C2DCM_B","180821_Smp_MS11C2DCM",2018-08-21,2018-08-22 16:14:16,2017-07-01 11:28:10,25.1876666666667,-158.428333333333,110,-0.0883,1,20.641,35.151,20.62,2038.19695121951,2314.81097560976,7.99660365853659,NA,NA,NA,0.0996858955641877,0.0902004501883902,4.3833742257231,0.144440006739786,4.46955284717488,1.88030552773138,0.326054549695398,0.22812743902439,0.521887804878049,0.0550766936026936,5.14192666666667,2.14691333333333,0.00190666666666667,0.05374
"180821_Smp_MS12C1175m_A.mzML","Smp","MT","12",1,"175m",175.2,1,"A","MS12C1175m_A","180821_Smp_MS12C1175m",2018-08-21,2018-08-22 17:55:16,2017-07-01 15:50:07,24.8595,-158.568333333333,103,-0.1609,5,14.445,34.426,14.419,2040,2319,7.855,206.2856,NA,NA,6.64273201159165,0.51336229765109,3.47731693799592,0.0759637874261897,6.66948209397294,0.699858127733885,0.0968969052240121,0.0084,0.0236,0.00817070707070707,1.582912,0.007944,0,0
"180821_Smp_MS13C315m_B.mzML","Smp","MT","13",3,"15m",15.3,1,"B","MS13C315m_B","180821_Smp_MS13C315m",2018-08-21,2018-08-22 18:45:46,2017-07-02 01:32:49,24.4715,-158.723166666667,112,-0.0685,15,26.6056666666667,35.1013333333333,26.6026666666667,1992.4,2317,8.073,NA,NA,NA,0.00215988602487942,0.0417823189398709,4.74952447444404,0.19815077797877,1.20536125107435,2.30797942300621,0.279349779196624,0.05323,0.03527,0.0514818913480885,4.88361,1.52879,0.009005,0.008025
"180821_Smp_MS14C2DCM_A.mzML","Smp","MT","14",2,"DCM",105.5,10,"A","MS14C2DCM_A","180821_Smp_MS14C2DCM",2018-08-21,2018-08-22 20:26:48,2017-07-02 06:32:57,24.0005,-158.918166666667,105,0.073,20,22.73,35.139,22.709,2025.11704545455,2317.96022727273,8.02877272727273,NA,NA,NA,0.0392299251389869,0.101841202489642,4.63617288358403,0.155312912667288,1.829079722274,1.49335103678144,0.249051188421133,0.272543181818182,0.590118181818182,0.044380404040404,3.2863,1.066025,0.000975,0.031575
"180821_Smp_MS4C1DCM_B.mzML","Smp","MT","4",1,"DCM",99.7,11,"B","MS4C1DCM_B","180821_Smp_MS4C1DCM",2018-08-21,2018-08-22 21:17:18,2017-06-29 10:48:40,27.9516666666667,-157.283666666667,100,-0.0392,0,18.148,34.922,18.131,NA,NA,NA,NA,NA,NA,0.00352962928462715,0.0726593951425457,4.28392429944928,0.136887154835228,3.88496555130204,2.28348249845503,0.377292048436044,0.252556756756757,0.516215444015444,0.0514403296462333,5.63872,1.638172,0.004276,0.022868
"180821_Smp_MS11C215m_B.mzML","Smp","MT","11",2,"15m",16.2,21,"B","MS11C215m_B","180821_Smp_MS11C215m",2018-08-21,2018-08-23 02:20:21,2017-07-01 11:28:10,25.1876666666667,-158.428333333333,110,-0.0883,1,26.27,35.202,26.266,2003.22406779661,2317,8.06781694915254,NA,NA,NA,0.00208200823911793,0.0377636879320182,4.70079288859872,0.200016242135524,1.24173795150684,1.81202855146433,0.39311876429211,0.0396515254237288,0.0266389830508475,0.0430424601664039,5.0234,1.8252,0.01308,0.0112
"180821_Smp_MS12C1DCM_A.mzML","Smp","MT","12",1,"DCM",103.5,10,"A","MS12C1DCM_A","180821_Smp_MS12C1DCM",2018-08-21,2018-08-23 04:01:22,2017-07-01 15:50:07,24.8595,-158.568333333333,103,-0.1609,5,18.003,34.889,17.985,2042.83829787234,2293.0390070922,7.96316312056738,219.346,NA,NA,1.13932469609323,0.180043050396798,4.12866027916307,0.120517090608901,3.44055963123998,2.84362795096534,0.434975158487354,0.250297222222222,0.496866666666666,0.0726052343434343,5.01288,1.14418,0.00344,0.04694
"180821_Smp_MS13C2175m_A.mzML","Smp","MT","13",2,"175m",174.7,1,"A","MS13C2175m_A","180821_Smp_MS13C2175m",2018-08-21,2018-08-23 04:51:53,2017-07-02 00:04:16,24.4721666666667,-158.719333333333,112,-0.0692,14,17.661,34.808,17.631,2060,2290,7.924,NA,NA,NA,3.37198751615061,0.304986208775722,3.64505303848503,0.0916212591981248,3.94630283715166,0.649396254146206,0.122358865720833,0.0366,0.0986,0.00998277854545454,1.820756,0.0205440000000001,0,0.001096
"180821_Smp_MS14C2175m_C.mzML","Smp","MT","14",2,"175m",175.8,3,"C","MS14C2175m_C","180821_Smp_MS14C2175m",2018-08-21,2018-08-23 09:04:24,2017-07-02 06:32:57,24.0005,-158.918166666667,105,0.073,20,20.451,35.159,20.418,2045.6,2311,7.989,NA,NA,NA,1.03578018883629,0.137344067054426,4.10775031235967,0.0988210111679422,2.31412627781496,0.798979665138255,0.141455336093448,0.0351,0.1208,0.0118774938136384,2.38048,0.072792,0,0.002936
"180821_Smp_MS4C1175m_A.mzML","Smp","MT","4",1,"175m",174.4,4,"A","MS4C1175m_A","180821_Smp_MS4C1175m",2018-08-21,2018-08-23 09:54:55,2017-06-29 10:48:40,27.9516666666667,-157.283666666667,100,-0.0392,0,15.385,34.59,15.358,NA,NA,NA,NA,NA,NA,5.24883927961747,0.421888152609652,3.57196629861166,0.0893767008148399,5.60577649938847,0.724488327937395,0.125718429953052,0.0164,0.0378,0.00660433939393941,1.589608,0.019968,0,0.000119999999999999
"180821_Smp_MS5C1175m_A.mzML","Smp","MT","5",1,"175m",176.6,1,"A","MS5C1175m_A","180821_Smp_MS5C1175m",2018-08-21,2018-08-23 10:45:26,2017-06-29 22:12:29,27.18,-157.6075,122,0.1837,12,19.067,35.006,19.035,2050.2,2301,7.962,NA,NA,NA,1.89010283392303,0.223202271433995,4.04903006223257,0.10766371467246,3.57518803495619,0.895946386512096,0.139702519972291,0.0674565217391305,0.175745652173913,0.0133110133594005,2.22512,0.091904,0,0.003936
"180821_Smp_MS5C115m_B.mzML","Smp","MT","5",1,"15m",15.2,20,"B","MS5C115m_B","180821_Smp_MS5C115m",2018-08-21,2018-08-23 17:01:15,2017-06-29 22:12:29,27.18,-157.6075,122,0.1837,12,25.94,35.2053333333333,25.937,2007.2,2318,8.067,NA,NA,NA,0.00217762700311487,0.0582800240648248,4.76118097192619,0.199822087646193,1.53911943688542,2.01186684101355,0.292105269032971,0.058,0.0253,0.0447098591549296,5.18895333333333,1.22636666666667,0.0130066666666667,0.00802666666666667
"180821_Smp_MS6C3DCM_B.mzML","Smp","MT","6",3,"DCM",118.3,11,"B","MS6C3DCM_B","180821_Smp_MS6C3DCM",2018-08-21,2018-08-23 17:51:41,2017-06-30 09:34:20,26.37,-158.010666666667,119,0.252,23,21.964,35.217,21.941,2027.1121559633,2317.96559633028,8.03164220183486,NA,NA,NA,0.00292967245236881,0.0816696142214018,4.62302731317019,0.164080346018298,1.8045490094926,1.67935913826616,0.289983438991569,0.185602293577982,0.513921100917431,0.0386132888888889,4.575428,1.57098,0.004484,0.014148
"180821_Smp_MS7C1175m_B.mzML","Smp","MT","7",1,"175m",176.1,2,"B","MS7C1175m_B","180821_Smp_MS7C1175m",2018-08-21,2018-08-23 19:32:41,2017-06-30 11:35:43,26.17,-158.022333333333,133,0.228,1,20.5865,35.203,20.5535,2072.1,2266,8.003,205.876057142857,NA,NA,0.575482482018813,0.109374473434776,4.27931373868939,0.138195204771564,2.23990162755963,0.798979665138255,0.154186316341859,0.0399,0.1081,0.0101753246753247,2.502288,0.025384,0,0.001956
"180821_Smp_MS8C115m_B.mzML","Smp","MT","8",1,"15m",15.1,21,"B","MS8C115m_B","180821_Smp_MS8C115m",2018-08-21,2018-08-23 20:23:11,2017-06-30 18:11:24,25.925,-158.1235,122,0.1793,8,26.1443333333333,35.0786666666667,26.1413333333333,1992.8,2306,8.073,NA,NA,NA,0.00394014060795723,0.0432842161675777,4.75445227859499,0.200488981842448,1.18275163126562,1.88751436681534,0.236937687956526,0.0541,0.0317,0.0413593561368209,5.05528,1.65432,0.0100266666666667,0.00801666666666667
"180821_Smp_MS9C2DCM_B.mzML","Smp","MT","9",2,"DCM",110.6,10,"B","MS9C2DCM_B","180821_Smp_MS9C2DCM",2018-08-21,2018-08-23 22:04:17,2017-06-30 23:32:21,25.679,-158.225,110,0.1036,13,21.428,35.1865,21.407,2037.7370942813,2313.95672333849,8.01083616692427,NA,NA,NA,0.200122599379731,0.0871938763135093,4.40910168139946,0.151775350688423,1.80463018096155,1.48203780433266,0.268522180939224,0.262959969088099,0.511305873261206,0.047265,3.48756,0.75548,0,0.02072
"180821_Smp_MS10C2175m_C.mzML","Smp","MT","10",2,"175m",175,3,"C","MS10C2175m_C","180821_Smp_MS10C2175m",2018-08-21,2018-08-23 22:54:43,2017-07-01 06:34:21,25.4318333333333,-158.327,110,0.0111,20,18.25,34.9485,18.22,2051.10384615385,2290.18461538462,7.95436923076923,NA,NA,NA,1.91981795629749,0.193828184061295,3.84003333042933,0.104642011612275,3.24635719856565,0.645268612412651,0.125947398555831,0.0277107692307692,0.0624561538461538,0.0158747474747475,2.004,0.044,0,0.003
"180821_Smp_MS13C2175m_B.mzML","Smp","MT","13",2,"175m",174.5,2,"B","MS13C2175m_B","180821_Smp_MS13C2175m",2018-08-21,2018-08-24 00:35:45,2017-07-02 00:04:16,24.4721666666667,-158.719333333333,112,-0.0692,14,17.675,34.809,17.645,2059.97298136646,2290.05590062112,7.92414596273292,NA,NA,NA,3.36923918898507,0.304953344343524,3.64657466650716,0.0917343280080253,3.94435874422811,0.649396254146206,0.122358865720833,0.0373689440993788,0.0998425465838508,0.0100559642424242,1.82126,0.02224,0,0.00116
"180821_Smp_MS9C215m_C.mzML","Smp","MT","9",2,"15m",15.5,19,"C","MS9C215m_C","180821_Smp_MS9C215m",2018-08-21,2018-08-24 01:26:13,2017-06-30 23:32:21,25.679,-158.225,110,0.1036,13,26.124,35.069,26.121,1996.98078817734,2312.08210180624,8.07077011494253,NA,NA,NA,0.00190376609681066,0.0474078477584135,4.84351832858193,0.199368625556775,1.54403075473537,2.13108346125847,0.258260512017903,0.0544344827586207,0.0310522167487685,0.0452812877263581,5.0477,1.63326666666667,0.0130333333333333,0.0091
"180821_Smp_MS11C2175m_B.mzML","Smp","MT","11",2,"175m",176,2,"B","MS11C2175m_B","180821_Smp_MS11C2175m",2018-08-21,2018-08-24 03:07:15,2017-07-01 11:28:10,25.1876666666667,-158.428333333333,110,-0.0883,1,17.174,34.785,17.145,2054,2284,7.932,NA,NA,NA,3.84859358090888,0.337206472991184,3.63032279141368,0.0948077590364185,5.05302157507741,0.628670841779838,0.101140565306816,0.0207,0.0472,0.00840310332238043,1.68048,0.01352,0,0.00192
"180821_Smp_MS6C3DCM_A.mzML","Smp","MT","6",3,"DCM",118.5,9,"A","MS6C3DCM_A","180821_Smp_MS6C3DCM",2018-08-21,2018-08-24 03:57:46,2017-06-30 09:34:20,26.37,-158.010666666667,119,0.252,23,21.949,35.218,21.926,2027.22729357798,2317.97935779816,8.03138532110092,NA,NA,NA,0.00293610621917543,0.0818187799660366,4.62227427608108,0.164084357079564,1.80552461225479,1.67603828319864,0.289449271988139,0.186001376146789,0.515992660550459,0.0386505925925926,4.56779333333333,1.56243333333333,0.00438,0.0141933333333333
"180821_Smp_MS7C1175m_C.mzML","Smp","MT","7",1,"175m",176.3,3,"C","MS7C1175m_C","180821_Smp_MS7C1175m",2018-08-21,2018-08-24 05:38:49,2017-06-30 11:35:43,26.17,-158.022333333333,133,0.228,1,20.584,35.203,20.551,2072.1,2266,8.003,205.861314285714,NA,NA,0.579718324294278,0.109739079604712,4.27796753473724,0.138015140184552,2.24304503544798,0.798979665138255,0.154186316341859,0.0399,0.1081,0.010133189033189,2.498704,0.025272,0,0.001948
"180821_Smp_MS4C1DCM_A.mzML","Smp","MT","4",1,"DCM",100.3,10,"A","MS4C1DCM_A","180821_Smp_MS4C1DCM",2018-08-21,2018-08-24 06:29:16,2017-06-29 10:48:40,27.9516666666667,-157.283666666667,100,-0.0392,0,18.136,34.922,18.119,NA,NA,NA,NA,NA,NA,0.00403188639492678,0.0736810785122619,4.2820914104363,0.137779333067514,3.83469448741317,2.31874174704095,0.383781864539238,0.256075675675676,0.52691583011583,0.05215472,5.6356,1.63666,0.00388,0.0236
"180821_Smp_MS9C2175m_B.mzML","Smp","MT","9",2,"175m",175.5,2,"B","MS9C2175m_B","180821_Smp_MS9C2175m",2018-08-21,2018-08-24 08:10:17,2017-06-30 23:32:21,25.679,-158.225,110,0.1036,13,18.375,34.955,18.344,2049.7,2300,7.958,NA,NA,NA,2.75303790862469,0.264014019544719,3.66822151236483,0.10684044484545,3.49875261949717,0.611549848955446,0.115993375596628,0.0243,0.0617,0.00831012975281267,1.82954,0.01578,0,0.00098
"180821_Smp_MS4C1175m_B.mzML","Smp","MT","4",1,"175m",174.5,2,"B","MS4C1175m_B","180821_Smp_MS4C1175m",2018-08-21,2018-08-24 09:00:46,2017-06-29 10:48:40,27.9516666666667,-157.283666666667,100,-0.0392,0,15.386,34.59,15.359,NA,NA,NA,NA,NA,NA,5.25299806640927,0.422180014355454,3.57146728742695,0.0893717686061936,5.60937672164235,0.724488327937395,0.125718429953052,0.0164,0.0378,0.00658139393939395,1.58834,0.01964,0,1e-04
"180821_Smp_MS11C215m_A.mzML","Smp","MT","11",2,"15m",15.7,22,"A","MS11C215m_A","180821_Smp_MS11C215m",2018-08-21,2018-08-24 10:41:47,2017-07-01 11:28:10,25.1876666666667,-158.428333333333,110,-0.0883,1,26.272,35.201,26.268,2003.1,2317,8.068,NA,NA,NA,0.00208678679601341,0.0379522155488075,4.69572548922675,0.200231727631483,1.2394055139403,1.8119623046472,0.393953111020254,0.0394,0.0263,0.0429529195442928,5.01031666666667,1.8222,0.0130466666666667,0.0111166666666667
"180821_Smp_MS11C215m_C.mzML","Smp","MT","11",2,"15m",15.7,22,"C","MS11C215m_C","180821_Smp_MS11C215m",2018-08-21,2018-08-24 11:32:18,2017-07-01 11:28:10,25.1876666666667,-158.428333333333,110,-0.0883,1,26.272,35.201,26.268,2003.1,2317,8.068,NA,NA,NA,0.00208678679601341,0.0379522155488075,4.69572548922675,0.200231727631483,1.2394055139403,1.8119623046472,0.393953111020254,0.0394,0.0263,0.0429529195442928,5.01031666666667,1.8222,0.0130466666666667,0.0111166666666667
"180821_Smp_MS13C2DCM_A.mzML","Smp","MT","13",2,"DCM",110,13,"A","MS13C2DCM_A","180821_Smp_MS13C2DCM",2018-08-21,2018-08-24 13:13:19,2017-07-02 00:04:16,24.4721666666667,-158.719333333333,112,-0.0692,14,20.82,35.073,20.799,2051.05657142857,2308.09428571429,7.97154857142857,NA,NA,NA,0.590002652067215,0.140462854446797,4.16023998472886,0.141897638874223,2.99276788775997,1.78292641114825,0.292326502497004,0.282909142857143,0.495265428571429,0.0502112878787879,4.08825,0.97275,0.0015,0.02875
"180821_Smp_MS6C315m_A.mzML","Smp","MT","6",3,"15m",15.2,20,"A","MS6C315m_A","180821_Smp_MS6C315m",2018-08-21,2018-08-24 14:03:50,2017-06-30 09:34:20,26.37,-158.010666666667,119,0.252,23,25.8033333333333,35.2033333333333,25.8003333333333,2001.80738916256,2331.74876847291,8.06729556650246,NA,NA,NA,0.00553915639160424,0.0412410502341614,4.80703813886207,0.202550256357526,1.8385190953536,1.90442123570654,0.264647527804138,0.0436394088669951,0.0289778325123153,0.0381798792756539,4.91453333333333,1.24302,0.0109866666666667,0.00602666666666667
"180821_Smp_MS7C1DCM_B.mzML","Smp","MT","7",1,"DCM",132.7,7,"B","MS7C1DCM_B","180821_Smp_MS7C1DCM",2018-08-21,2018-08-25 00:09:58,2017-06-30 11:35:43,26.17,-158.022333333333,133,0.228,1,22.127,35.197,22.101,2041.4034965035,2288.11188811189,8.03204895104895,207.0388,NA,NA,0.239808014137434,0.10394005301736,4.36991779927437,0.145753452225167,1.97293114696532,1.64085998925375,0.290050917685465,0.199272151898734,0.493010126582279,0.0339801547816473,3.81754,1.016954,0,0.022148
"180821_Smp_MS7C1175m_A.mzML","Smp","MT","7",1,"175m",175.7,1,"A","MS7C1175m_A","180821_Smp_MS7C1175m",2018-08-21,2018-08-25 01:00:25,2017-06-30 11:35:43,26.17,-158.022333333333,133,0.228,1,20.466,35.201,20.433,2071.81708291708,2266.2037962038,8.00326773226773,205.905542857143,NA,NA,0.567010797467883,0.108645261094903,4.2820061465937,0.138555333945589,2.23361481178291,0.800939410728386,0.154502859751299,0.0350272727272726,0.0914454545454542,0.010259595959596,2.509456,0.025608,0,0.001972
"180821_Smp_MS13C2175m_C.mzML","Smp","MT","13",2,"175m",175.3,3,"C","MS13C2175m_C","180821_Smp_MS13C2175m",2018-08-21,2018-08-25 02:41:26,2017-07-02 00:04:16,24.4721666666667,-158.719333333333,112,-0.0692,14,17.612,34.808,17.582,2060,2290,7.924,NA,NA,NA,3.40010586314046,0.306514946382419,3.6417888171836,0.0916890875784029,3.96924641117158,0.649396254146206,0.122358865720833,0.0366,0.0986,0.00982869599999999,1.815392,0.017808,0,0.000988
"180821_Smp_MS5C115m_C.mzML","Smp","MT","5",1,"15m",14.7,19,"C","MS5C115m_C","180821_Smp_MS5C115m",2018-08-21,2018-08-25 03:31:55,2017-06-29 22:12:29,27.18,-157.6075,122,0.1837,12,25.966,35.208,25.963,2007.2,2318,8.067,NA,NA,NA,0.00217920461107504,0.0578915388160937,4.76091158619565,0.200145175475549,1.53780659989129,2.01186684101355,0.292105269032971,0.058,0.0253,0.0447536025248623,5.19114,1.2211,0.013,0.00794
"180821_Smp_MS13C2DCM_B.mzML","Smp","MT","13",2,"DCM",109.6,11,"B","MS13C2DCM_B","180821_Smp_MS13C2DCM",2018-08-21,2018-08-25 05:12:58,2017-07-02 00:04:16,24.4721666666667,-158.719333333333,112,-0.0692,14,20.834,35.076,20.813,2050.732,2308.22,7.97228,NA,NA,NA,0.544932438784833,0.136970092729085,4.17889464207471,0.142518758809282,2.93516137847916,1.79016941534635,0.293412557684072,0.281188,0.490686,0.0506907888888889,4.12503,0.98589,0.00154,0.02901
"180821_Smp_MS5C1175m_B.mzML","Smp","MT","5",1,"175m",176.3,2,"B","MS5C1175m_B","180821_Smp_MS5C1175m",2018-08-21,2018-08-25 06:03:27,2017-06-29 22:12:29,27.18,-157.6075,122,0.1837,12,19.077,35.007,19.045,2050.15808823529,2301.06066176471,7.96214889705882,NA,NA,NA,1.88222595500644,0.222745362531939,4.05212899923332,0.10766371467246,3.57454436564744,0.899237378267814,0.140325230962702,0.068470652173913,0.177632065217391,0.0133729390681004,2.22866,0.092672,0,0.003948
"180821_Smp_MS6C315m_C.mzML","Smp","MT","6",3,"15m",15.7,19,"C","MS6C315m_C","180821_Smp_MS6C315m",2018-08-21,2018-08-25 07:44:28,2017-06-30 09:34:20,26.37,-158.010666666667,119,0.252,23,25.785,35.204,25.782,2001.81149425287,2331.6091954023,8.06745977011494,NA,NA,NA,0.00550068536026384,0.0411184650124823,4.80836120677431,0.202416530198497,1.84677432862443,1.90613868808731,0.264962651077614,0.0441057471264368,0.0292988505747126,0.0383543004516032,4.92086666666667,1.25307,0.0109533333333333,0.00609333333333333
"180821_Smp_MS11C2175m_C.mzML","Smp","MT","11",2,"175m",175.1,3,"C","MS11C2175m_C","180821_Smp_MS11C2175m",2018-08-21,2018-08-25 08:34:57,2017-07-01 11:28:10,25.1876666666667,-158.428333333333,110,-0.0883,1,16.966,34.7515,16.937,2053.80609756098,2284.37804878049,7.93279268292683,NA,NA,NA,3.78034844680775,0.33251410956378,3.63411727773684,0.0953853726797275,5.00531009897504,0.642129279263188,0.103558995246478,0.0232451219512195,0.0530243902439025,0.0085,1.691748,0.013952,0,0.001992
"180821_Smp_MS14C2DCM_C.mzML","Smp","MT","14",2,"DCM",104.9,9,"C","MS14C2DCM_C","180821_Smp_MS14C2DCM",2018-08-21,2018-08-25 10:15:58,2017-07-02 06:32:57,24.0005,-158.918166666667,105,0.073,20,22.733,35.138,22.712,2024.83787375415,2317.93355481728,8.02920598006645,NA,NA,NA,0.0184380433771233,0.0999123984292386,4.64347041512658,0.156249689388613,1.82142767434519,1.49776327948635,0.249522837961541,0.272913953488372,0.589459136212625,0.0449045757575757,3.31372,1.08282,0.00106,0.03166
"180821_Smp_MS8C115m_A.mzML","Smp","MT","8",1,"15m",16.1,20,"A","MS8C115m_A","180821_Smp_MS8C115m",2018-08-21,2018-08-25 11:06:29,2017-06-30 18:11:24,25.925,-158.1235,122,0.1793,8,26.143,35.074,26.139,1992.8714527027,2306.08108108108,8.07295439189189,NA,NA,NA,0.00398091600574582,0.0430370167274467,4.76265135246206,0.200445188841589,1.19907765805301,1.88751436681534,0.236937687956526,0.054458277027027,0.0319027027027027,0.0419500874336478,5.09808,1.67752,0.0102933333333333,0.00818333333333333
"180821_Smp_MS7C115m_C.mzML","Smp","MT","7",1,"15m",14.5,19,"C","MS7C115m_C","180821_Smp_MS7C115m",2018-08-21,2018-08-25 12:47:31,2017-06-30 11:35:43,26.17,-158.022333333333,133,0.228,1,25.816,35.2,25.813,2006.3,2318,8.067,206.8,NA,NA,0.00188437998326377,0.0398751040021411,4.7459926099998,0.196592393744647,1.57384712076162,1.84245912254062,0.277252458743159,0.05628,0.034305,0.0350626605308753,4.9335,1.8424,0.014,0.0081
"180821_Smp_MS14C215m_B.mzML","Smp","MT","14",2,"15m",15,21,"B","MS14C215m_B","180821_Smp_MS14C215m",2018-08-21,2018-08-25 13:38:01,2017-07-02 06:32:57,24.0005,-158.918166666667,105,0.073,20,26.3895,34.9275,26.3865,1988.6,2304,8.069,NA,NA,NA,0.00405339763430835,0.0620365763228807,4.83288980497635,0.195946554647076,1.94457526982527,2.11909832238736,0.268765138577552,0.0498,0.0307,0.045938469284995,4.705,1.478,0.008,0.006
"180821_Smp_MS6C315m_B.mzML","Smp","MT","6",3,"15m",15.2,21,"B","MS6C315m_B","180821_Smp_MS6C315m",2018-08-21,2018-08-25 17:50:31,2017-06-30 09:34:20,26.37,-158.010666666667,119,0.252,23,25.8033333333333,35.2033333333333,25.8003333333333,2001.80738916256,2331.74876847291,8.06729556650246,NA,NA,NA,0.00553915639160424,0.0412410502341614,4.80703813886207,0.202550256357526,1.8385190953536,1.90442123570654,0.264647527804138,0.0436394088669951,0.0289778325123153,0.0381798792756539,4.91453333333333,1.24302,0.0109866666666667,0.00602666666666667
"180821_Smp_MS9C215m_A.mzML","Smp","MT","9",2,"15m",15.1,20,"A","MS9C215m_A","180821_Smp_MS9C215m",2018-08-21,2018-08-25 18:41:03,2017-06-30 23:32:21,25.679,-158.225,110,0.1036,13,26.12775,35.069,26.12475,1996.8684729064,2312.04926108374,8.07086206896552,NA,NA,NA,0.00191755191453887,0.0475212010447773,4.84339488370305,0.199426312316349,1.54278247001436,2.12989382525201,0.258218702558959,0.0540206896551724,0.0307113300492611,0.0452611670020121,5.03434,1.62665333333333,0.0130066666666667,0.00902
"180821_Smp_MS14C2175m_A.mzML","Smp","MT","14",2,"175m",175.6,1,"A","MS14C2175m_A","180821_Smp_MS14C2175m",2018-08-21,2018-08-25 20:22:03,2017-07-02 06:32:57,24.0005,-158.918166666667,105,0.073,20,20.449,35.158,20.416,2045.6,2311,7.989,NA,NA,NA,1.03160100101727,0.137116893015096,4.10701452332304,0.0988210111679422,2.29496698254091,0.798979665138255,0.141455336093448,0.0351,0.1208,0.0119179789866537,2.38336,0.073344,0,0.002952
"180821_Smp_MS7C1DCM_A.mzML","Smp","MT","7",1,"DCM",133.5,9,"A","MS7C1DCM_A","180821_Smp_MS7C1DCM",2018-08-21,2018-08-25 21:12:33,2017-06-30 11:35:43,26.17,-158.022333333333,133,0.228,1,22.097,35.197,22.07,2041.96933066933,2287.7042957043,8.03151348651349,207.074,NA,NA,0.262744245997289,0.104672851176507,4.36229941120321,0.145003989152741,1.98244080693082,1.62795204976362,0.28808417853493,0.196147268408551,0.48558028503563,0.0333010613598673,3.7697,0.98417,0,0.02154
"180821_Smp_MS14C215m_C.mzML","Smp","MT","14",2,"15m",15.3,19,"C","MS14C215m_C","180821_Smp_MS14C215m",2018-08-21,2018-08-25 22:53:35,2017-07-02 06:32:57,24.0005,-158.918166666667,105,0.073,20,26.375,34.929,26.372,1988.6,2304,8.069,NA,NA,NA,0.00404038189829977,0.0619278220958682,4.83400523264805,0.195968044136392,1.94137347858555,2.11909832238736,0.268765138577552,0.0498,0.0307,0.0460266858006043,4.71545,1.48429,0.00803,0.00603
"180821_Smp_MS7C115m_A.mzML","Smp","MT","7",1,"15m",15.7,20,"A","MS7C115m_A","180821_Smp_MS7C115m",2018-08-21,2018-08-25 23:44:04,2017-06-30 11:35:43,26.17,-158.022333333333,133,0.228,1,25.816,35.2,25.813,2006.28347107438,2317.99669421488,8.06700991735537,207.040333333333,NA,NA,0.00190389080701334,0.0395231600292471,4.73993995305416,0.195885498211894,1.57506292376557,1.84245912254062,0.277252458743159,0.0477986440677966,0.030595593220339,0.0354032025368564,4.95372666666667,1.85545333333333,0.01407,0.00811666666666667
"180821_Smp_MS13C2DCM_C.mzML","Smp","MT","13",2,"DCM",109.1,12,"C","MS13C2DCM_C","180821_Smp_MS13C2DCM",2018-08-21,2018-08-26 01:25:05,2017-07-02 00:04:16,24.4721666666667,-158.719333333333,112,-0.0692,14,20.85,35.079,20.829,2050.32628571429,2308.37714285714,7.97319428571429,NA,NA,NA,0.488594672181857,0.132604140581944,4.20221296375703,0.143295158728106,2.86315324187815,1.79739311880459,0.294049752085838,0.279036571428571,0.484961714285714,0.0512901651515152,4.171005,1.002315,0.00159,0.029335
"180821_Smp_MS4C1DCM_C.mzML","Smp","MT","4",1,"DCM",102.3,12,"C","MS4C1DCM_C","180821_Smp_MS4C1DCM",2018-08-21,2018-08-26 02:15:36,2017-06-29 10:48:40,27.9516666666667,-157.283666666667,100,-0.0392,0,18.069,34.92,18.051,NA,NA,NA,NA,NA,NA,0.00723440569508058,0.0786911200512714,4.27912589392713,0.144950773334854,3.40553063919386,2.37907285816583,0.395226549081961,0.261322115384615,0.545174038461538,0.05675952,5.6196,1.64106,0.00308,0.0276
"180821_Smp_MS10C215m_C.mzML","Smp","MT","10",2,"15m",16.3,19,"C","MS10C215m_C","180821_Smp_MS10C215m",2018-08-21,2018-08-26 03:56:35,2017-07-01 06:34:21,25.4318333333333,-158.327,110,0.0111,20,25.898,35.225,25.894,2004.6,2321,8.066,NA,NA,NA,0.00434817664337964,0.0417681821583674,4.78356493283353,0.198388848646489,1.61179111136708,1.76854064254933,0.274443628081269,0.049,0.0287,0.0417550880216498,4.57272666666667,1.54191333333333,0.011,0.00817333333333333
"180821_Smp_MS12C1175m_C.mzML","Smp","MT","12",1,"175m",175.4,3,"C","MS12C1175m_C","180821_Smp_MS12C1175m",2018-08-21,2018-08-26 04:47:08,2017-07-01 15:50:07,24.8595,-158.568333333333,103,-0.1609,5,14.426,34.424,14.4,2040,2319,7.855,206.2712,NA,NA,6.65085062138468,0.51391751076914,3.47821653694983,0.0759637874261897,6.69470380184764,0.699858127733885,0.0968969052240121,0.0084,0.0236,0.00808989898989899,1.581824,0.007888,0,0
"180821_Std_H2OInMatrix_2.mzML","Std","MT",NA,NA,NA,NA,NA,NA,NA,NA,2018-08-21,2018-08-27 20:22:29,NA,NA,NA,NA,NA,NA,NA,NA,NA,NA,NA,NA,NA,NA,NA,NA,NA,NA,NA,NA,NA,NA,NA,NA,NA,NA,NA,NA,NA
"180821_Std_4uMStdsMix1InMatrix_2.mzML","Std","MT",NA,NA,NA,NA,NA,NA,NA,NA,2018-08-21,2018-08-27 21:13:00,NA,NA,NA,NA,NA,NA,NA,NA,NA,NA,NA,NA,NA,NA,NA,NA,NA,NA,NA,NA,NA,NA,NA,NA,NA,NA,NA,NA,NA
"180821_Std_4uMStdsMix2InMatrix_2.mzML","Std","MT",NA,NA,NA,NA,NA,NA,NA,NA,2018-08-21,2018-08-27 22:03:33,NA,NA,NA,NA,NA,NA,NA,NA,NA,NA,NA,NA,NA,NA,NA,NA,NA,NA,NA,NA,NA,NA,NA,NA,NA,NA,NA,NA,NA
"180821_Std_4uMStdsMix1InH2O_2.mzML","Std","MT",NA,NA,NA,NA,NA,NA,NA,NA,2018-08-21,2018-08-27 23:44:32,NA,NA,NA,NA,NA,NA,NA,NA,NA,NA,NA,NA,NA,NA,NA,NA,NA,NA,NA,NA,NA,NA,NA,NA,NA,NA,NA,NA,NA
"180821_Std_4uMStdsMix2InH2O_2.mzML","Std","MT",NA,NA,NA,NA,NA,NA,NA,NA,2018-08-21,2018-08-28 00:35:01,NA,NA,NA,NA,NA,NA,NA,NA,NA,NA,NA,NA,NA,NA,NA,NA,NA,NA,NA,NA,NA,NA,NA,NA,NA,NA,NA,NA,NA
"180821_Smp_MS11C2175m_A.mzML","Smp","MT","11",2,"175m",175.9,1,"A","MS11C2175m_A","180821_Smp_MS11C2175m",2018-08-21,2018-08-28 02:16:04,2017-07-01 11:28:10,25.1876666666667,-158.428333333333,110,-0.0883,1,17.177,34.785,17.148,2054,2284,7.932,NA,NA,NA,3.84101078823098,0.336685099277028,3.63074440100514,0.0948719383301195,5.04772029995492,0.628670841779838,0.101140565306816,0.0207,0.0472,0.00841386961989372,1.681732,0.013568,0,0.001928
"180821_Smp_MS5C1DCM_A.mzML","Smp","MT","5",1,"DCM",123.4,9,"A","MS5C1DCM_A","180821_Smp_MS5C1DCM",2018-08-21,2018-08-28 03:06:33,2017-06-29 22:12:29,27.18,-157.6075,122,0.1837,12,20.938,35.117,20.914,2042.76764705882,2311.75735294118,7.98840441176471,NA,NA,NA,0.756436349009258,0.156896125215381,4.31973464607758,0.134492520974471,2.50221516440255,1.47954892452612,0.250129935605241,0.247295652173913,0.510269565217391,0.0480060583613917,3.43711111111111,0.8442,0.000355555555555554,0.0266444444444444
"180821_Smp_MS6C3DCM_C.mzML","Smp","MT","6",3,"DCM",118.6,10,"C","MS6C3DCM_C","180821_Smp_MS6C3DCM",2018-08-21,2018-08-28 04:47:32,2017-06-30 09:34:20,26.37,-158.010666666667,119,0.252,23,21.944,35.219,21.921,2027.28486238532,2317.98623853211,8.03125688073395,NA,NA,NA,0.00293932310257874,0.081893362838354,4.62189775753653,0.164086362610198,1.80601241363588,1.67437785566488,0.289182188486424,0.186200917431193,0.517028440366972,0.0386692444444444,4.563976,1.55816,0.004328,0.014216
"180821_Smp_MS12C115m_C.mzML","Smp","MT","12",1,"15m",15.4,19,"C","MS12C115m_C","180821_Smp_MS12C115m",2018-08-21,2018-08-28 05:38:03,2017-07-01 15:50:07,24.8595,-158.568333333333,103,-0.1609,5,26.005,35.388,26.002,2021.2,2333,8.025,206.104,NA,NA,0.00186686067780746,0.0230798382885615,4.69157310582428,0.185270682099424,1.5328899884003,2.36780327078378,0.283617948867364,0.05495,0.03755,0.034685502612182,4.91733333333333,1.97512,0.01304,0.0100666666666667
"180821_Smp_MS4C1175m_C.mzML","Smp","MT","4",1,"175m",174.6,3,"C","MS4C1175m_C","180821_Smp_MS4C1175m",2018-08-21,2018-08-28 07:19:06,2017-06-29 10:48:40,27.9516666666667,-157.283666666667,100,-0.0392,0,15.386,34.59,15.359,NA,NA,NA,NA,NA,NA,5.25715685320107,0.422471876101256,3.57096827624223,0.0893668363975473,5.61297694389623,0.724488327937395,0.125718429953052,0.0164,0.0378,0.0065584484848485,1.587072,0.019312,0,8.00000000000011e-05
"180821_Smp_MS13C315m_A.mzML","Smp","MT","13",3,"15m",15.3,1,"A","MS13C315m_A","180821_Smp_MS13C315m",2018-08-21,2018-08-28 08:09:35,2017-07-02 01:32:49,24.4715,-158.723166666667,112,-0.0685,15,26.6056666666667,35.1013333333333,26.6026666666667,1992.4,2317,8.073,NA,NA,NA,0.00215988602487942,0.0417823189398709,4.74952447444404,0.19815077797877,1.20536125107435,2.30797942300621,0.279349779196624,0.05323,0.03527,0.0514818913480885,4.88361,1.52879,0.009005,0.008025
"180821_Smp_MS13C315m_C.mzML","Smp","MT","13",3,"15m",15.3,1,"C","MS13C315m_C","180821_Smp_MS13C315m",2018-08-21,2018-08-28 09:50:34,2017-07-02 01:32:49,24.4715,-158.723166666667,112,-0.0685,15,26.6056666666667,35.1013333333333,26.6026666666667,1992.4,2317,8.073,NA,NA,NA,0.00215988602487942,0.0417823189398709,4.74952447444404,0.19815077797877,1.20536125107435,2.30797942300621,0.279349779196624,0.05323,0.03527,0.0514818913480885,4.88361,1.52879,0.009005,0.008025
"180821_Smp_MS7C1DCM_C.mzML","Smp","MT","7",1,"DCM",133.4,8,"C","MS7C1DCM_C","180821_Smp_MS7C1DCM",2018-08-21,2018-08-28 10:41:05,2017-06-30 11:35:43,26.17,-158.022333333333,133,0.228,1,22.1,35.197,22.074,2041.8986013986,2287.75524475524,8.03158041958042,207.0696,NA,NA,0.259877217014808,0.104581251406614,4.36325170971211,0.145097672036795,1.98125209943513,1.62991179535376,0.28840072194437,0.196556057007126,0.486600237529691,0.0333859480375898,3.77568,0.988268,0,0.021616
"180821_Smp_MS5C115m_A.mzML","Smp","MT","5",1,"15m",15.1,21,"A","MS5C115m_A","180821_Smp_MS5C115m",2018-08-21,2018-08-28 12:22:06,2017-06-29 22:12:29,27.18,-157.6075,122,0.1837,12,25.958,35.208,25.955,2007.2,2318,8.067,NA,NA,NA,0.00217942027297921,0.0583271306065625,4.76070650206383,0.199879560674277,1.53888301932463,2.01186684101355,0.292105269032971,0.058,0.0253,0.0447802816901409,5.18647666666667,1.22418333333333,0.0130033333333333,0.00801333333333333
"180821_Smp_MS12C1DCM_C.mzML","Smp","MT","12",1,"DCM",102.3,9,"C","MS12C1DCM_C","180821_Smp_MS12C1DCM",2018-08-21,2018-08-28 13:12:35,2017-07-01 15:50:07,24.8595,-158.568333333333,103,-0.1609,5,18.026,34.892,18.008,2042.09787234043,2293.50709219858,7.96512056737589,219.8788,NA,NA,1.02983644667846,0.173465608144081,4.15003939420425,0.121671468066515,3.39875918006926,2.82033486753397,0.431459350406631,0.274263888888889,0.545666666666667,0.0744308682828283,5.128464,1.178404,0.003632,0.048332
"180821_Smp_MS11C2DCM_A.mzML","Smp","MT","11",2,"DCM",111,10,"A","MS11C2DCM_A","180821_Smp_MS11C2DCM",2018-08-21,2018-08-28 14:53:36,2017-07-01 11:28:10,25.1876666666667,-158.428333333333,110,-0.0883,1,20.639,35.151,20.618,2038.26966463415,2314.66920731707,7.99630640243902,NA,NA,NA,0.113149677184974,0.091017339217698,4.36967562737264,0.144223184412008,4.43110605931955,1.8745376259528,0.325018079721257,0.227173018292683,0.519703658536585,0.0547004713804714,5.09946666666667,2.11773333333333,0.00186666666666667,0.0532
"180821_Smp_MS12C1DCM_B.mzML","Smp","MT","12",1,"DCM",103.9,11,"B","MS12C1DCM_B","180821_Smp_MS12C1DCM",2018-08-21,2018-08-28 15:44:07,2017-07-01 15:50:07,24.8595,-158.568333333333,103,-0.1609,5,17.99,34.887,17.972,2042.88784916201,2293.10893854749,7.96254748603352,219.1684,NA,NA,1.17582077923149,0.182235531147704,4.12153390748268,0.12013229812303,3.45449311496356,2.83166828667953,0.433089087339441,0.247603271028037,0.492197196261682,0.0719966896969697,4.974352,1.132772,0.003376,0.046476
"180821_Smp_MS11C2DCM_C.mzML","Smp","MT","11",2,"DCM",110.6,9,"C","MS11C2DCM_C","180821_Smp_MS11C2DCM",2018-08-21,2018-08-29 00:09:14,2017-07-01 11:28:10,25.1876666666667,-158.428333333333,110,-0.0883,1,20.641,35.151,20.62,2038.17271341463,2314.85823170732,7.99670274390244,NA,NA,NA,0.0951979683572584,0.0899281538452877,4.38794042517326,0.144512280849045,4.48236844312666,1.88014237503623,0.325900879553124,0.228445579268293,0.522615853658537,0.0552021010101011,5.15608,2.15664,0.00192,0.05392
"180821_Smp_MS8C1175m_B.mzML","Smp","MT","8",1,"175m",176.7,2,"B","MS8C1175m_B","180821_Smp_MS8C1175m",2018-08-21,2018-08-29 00:59:45,2017-06-30 18:11:24,25.925,-158.1235,122,0.1793,8,19.566,35.104,19.534,2046.9,2306,7.973,NA,NA,NA,1.2156747540004,0.16466722481196,3.99601753019839,0.119709428639211,2.67338694248091,0.687242659336965,0.137211676010645,0.0322,0.0796,0.0106293735676089,2.282468,0.03962,0,0.001932
"180821_Smp_MS12C115m_A.mzML","Smp","MT","12",1,"15m",15.3,20,"A","MS12C115m_A","180821_Smp_MS12C115m",2018-08-21,2018-08-29 02:40:44,2017-07-01 15:50:07,24.8595,-158.568333333333,103,-0.1609,5,26.005,35.388,26.002,2021.2,2333,8.025,206.053,NA,NA,0.00186581877964486,0.0230722295506642,4.6916602780491,0.185293608186478,1.53181526416929,2.36780327078378,0.283617948867364,0.0522625,0.0354875,0.0346468734380098,4.912,1.97184,0.01303,0.01005
"180821_Smp_MS10C2175m_B.mzML","Smp","MT","10",2,"175m",175.6,2,"B","MS10C2175m_B","180821_Smp_MS10C2175m",2018-08-21,2018-08-29 03:31:15,2017-07-01 06:34:21,25.4318333333333,-158.327,110,0.0111,20,18.185,34.939,18.155,2051.2,2290,7.954,NA,NA,NA,1.91859730402419,0.194106794908781,3.84694290554773,0.104719152104436,3.25287519889808,0.634978575978297,0.124480695762235,0.0262,0.0594,0.0168531932225481,1.99656,0.042992,0,0.002928
"180821_Smp_MS10C2DCM_A.mzML","Smp","MT","10",2,"DCM",110.5,11,"A","MS10C2DCM_A","180821_Smp_MS10C2DCM",2018-08-21,2018-08-29 05:12:18,2017-07-01 06:34:21,25.4318333333333,-158.327,110,0.0111,20,20.7423333333333,35.1716666666667,20.7213333333333,2038.7,2314,8.002,NA,NA,NA,0.231006044999792,0.108270273447294,4.39746525412969,0.15022679272344,2.05519305108707,1.7514475291057,0.283617948867364,0.2226,0.4567,0.0423228100657169,3.83858695652174,1.21621739130435,0.00217391304347826,0.0240434782608696
"180821_Smp_MS14C2175m_B.mzML","Smp","MT","14",2,"175m",175.2,2,"B","MS14C2175m_B","180821_Smp_MS14C2175m",2018-08-21,2018-08-29 06:02:47,2017-07-02 06:32:57,24.0005,-158.918166666667,105,0.073,20,20.4465,35.157,20.4135,2045.51221590909,2311.02982954545,7.98917045454545,NA,NA,NA,1.02324262537923,0.136662544936436,4.10554294524977,0.0988210111679422,2.25664839199279,0.798979665138255,0.141455336093448,0.0361176136363636,0.122811363636364,0.0119989493326843,2.38912,0.074448,0,0.002984
"180821_Smp_MS10C2DCM_C.mzML","Smp","MT","10",2,"DCM",110.4,13,"C","MS10C2DCM_C","180821_Smp_MS10C2DCM",2018-08-21,2018-08-29 07:43:46,2017-07-01 06:34:21,25.4318333333333,-158.327,110,0.0111,20,20.745,35.172,20.724,2038.66372340426,2314.00744680851,8.00206808510638,NA,NA,NA,0.22884415293402,0.108108445279417,4.39835009459542,0.150291449285535,2.05426123518109,1.749028369683,0.283208049882093,0.222242196531792,0.455606358381503,0.0422875743644245,3.84049565217391,1.21873913043478,0.00219130434782609,0.0239478260869565
"180821_Smp_MS6C3175m_B.mzML","Smp","MT","6",3,"175m",175.8,2,"B","MS6C3175m_B","180821_Smp_MS6C3175m",2018-08-21,2018-08-29 08:34:17,2017-06-30 09:34:20,26.37,-158.010666666667,119,0.252,23,20.405,35.234,20.372,2040,2320,8.02,NA,NA,NA,0.312976569398419,0.0901172295765501,4.47991307467726,0.130949552731066,2.03717007430799,0.729594588955196,0.137211676010645,0.0241,0.0599,0.0100950225142996,2.250528,0.019936,0,0.001
"180821_Smp_MS4C115m_B.mzML","Smp","MT","4",1,"15m",15,20,"B","MS4C115m_B","180821_Smp_MS4C115m",2018-08-21,2018-08-29 10:15:18,2017-06-29 10:48:40,27.9516666666667,-157.283666666667,100,-0.0392,0,25.627,35.28525,25.62375,NA,NA,NA,NA,NA,NA,0.00153550145265733,0.0278705167767817,4.67582033995004,0.188705995908408,1.74071753244573,1.91804008589489,0.297942594277881,0.0533737785016287,0.0332338762214984,0.0355186304128902,4.988,1.637,0.017,0.008
"180821_Smp_MS12C1175m_B.mzML","Smp","MT","12",1,"175m",175.6,2,"B","MS12C1175m_B","180821_Smp_MS12C1175m",2018-08-21,2018-08-29 11:05:47,2017-07-01 15:50:07,24.8595,-158.568333333333,103,-0.1609,5,14.602,34.4435,14.576,2040,2319,7.855,206.2568,NA,NA,6.6589692311777,0.51447272388719,3.47911613590375,0.0759637874261897,6.71992550972233,0.699858127733885,0.0968969052240121,0.0084,0.0236,0.00800909090909091,1.580736,0.007832,0,0
"180821_Smp_MS12C115m_B.mzML","Smp","MT","12",1,"15m",15.6,21,"B","MS12C115m_B","180821_Smp_MS12C115m",2018-08-21,2018-08-29 22:52:57,2017-07-01 15:50:07,24.8595,-158.568333333333,103,-0.1609,5,26.005,35.388,26.002,2021.2,2333,8.025,206.206,NA,NA,0.00186894447413266,0.0230950557643562,4.69139876137463,0.185224829925316,1.53503943686233,2.36780327078378,0.283617948867364,0.060325,0.041675,0.0347627609605265,4.928,1.98168,0.01306,0.0101
"180821_Smp_MS8C1175m_A.mzML","Smp","MT","8",1,"175m",176,1,"A","MS8C1175m_A","180821_Smp_MS8C1175m",2018-08-21,2018-08-29 23:43:25,2017-06-30 18:11:24,25.925,-158.1235,122,0.1793,8,19.576,35.105,19.544,2046.9,2306,7.973,NA,NA,NA,1.18914421944954,0.162693654338837,3.99570488920446,0.120255126096068,2.57743978219193,0.687242659336965,0.137211676010645,0.0322,0.0796,0.0106457912457913,2.29504,0.0406,0,0.00196
"180821_Smp_MS8C1175m_C.mzML","Smp","MT","8",1,"175m",176,3,"C","MS8C1175m_C","180821_Smp_MS8C1175m",2018-08-21,2018-08-30 01:24:25,2017-06-30 18:11:24,25.925,-158.1235,122,0.1793,8,19.576,35.105,19.544,2046.9,2306,7.973,NA,NA,NA,1.18914421944954,0.162693654338837,3.99570488920446,0.120255126096068,2.57743978219193,0.687242659336965,0.137211676010645,0.0322,0.0796,0.0106457912457913,2.29504,0.0406,0,0.00196
"180821_Smp_MS14C2DCM_B.mzML","Smp","MT","14",2,"DCM",105.3,11,"B","MS14C2DCM_B","180821_Smp_MS14C2DCM",2018-08-21,2018-08-30 02:14:56,2017-07-02 06:32:57,24.0005,-158.918166666667,105,0.073,20,22.731,35.138,22.71,2025.05852272727,2317.98011363636,8.02888636363636,NA,NA,NA,0.0310164493174422,0.101124203098909,4.63956647521368,0.155818828981096,1.82990737701993,1.49534349408888,0.249359928313034,0.273221590909091,0.591459090909091,0.044514303030303,3.29578,1.071615,0.000985,0.031745
"180821_Smp_MS5C1DCM_C.mzML","Smp","MT","5",1,"DCM",122.5,11,"C","MS5C1DCM_C","180821_Smp_MS5C1DCM",2018-08-21,2018-08-30 03:55:59,2017-06-29 22:12:29,27.18,-157.6075,122,0.1837,12,20.958,35.116,20.935,2042.64191176471,2311.93933823529,7.98885110294118,NA,NA,NA,0.665669492429941,0.146849260562564,4.34266501829001,0.138434799707275,2.44062863676208,1.4897307035108,0.25194530988026,0.249728172043011,0.514356559139785,0.0495113411896745,3.51311111111111,0.909,0.000555555555555556,0.0264444444444444
"180821_Smp_MS8C1DCM_B.mzML","Smp","MT","8",1,"DCM",122.5,11,"B","MS8C1DCM_B","180821_Smp_MS8C1DCM",2018-08-21,2018-08-30 04:46:28,2017-06-30 18:11:24,25.925,-158.1235,122,0.1793,8,21.5635,35.1855,21.5395,2038.10582120582,2315.08731808732,8.00869854469854,NA,NA,NA,0.473406191419631,0.12490612251581,4.32279866523004,0.142142040621574,1.84565018671138,1.59916080345717,0.289983438991569,0.234909147609148,0.53642972972973,0.033140306122449,3.7,0.898166666666667,0.000833333333333333,0.0228333333333333
"180821_Smp_MS9C2DCM_C.mzML","Smp","MT","9",2,"DCM",111,9,"C","MS9C2DCM_C","180821_Smp_MS9C2DCM",2018-08-21,2018-08-30 06:27:29,2017-06-30 23:32:21,25.679,-158.225,110,0.1036,13,21.408,35.183,21.386,2037.8112828439,2313.87017001546,8.0105085007728,NA,NA,NA,0.21596258147698,0.0886305518793387,4.4065514024479,0.151264731567198,1.81699809446181,1.47663942941559,0.267576265867332,0.261479907264297,0.508517619783617,0.047225,3.46793333333333,0.7458,0,0.0205333333333333
"180821_Smp_MS9C2DCM_A.mzML","Smp","MT","9",2,"DCM",110,11,"A","MS9C2DCM_A","180821_Smp_MS9C2DCM",2018-08-21,2018-08-30 07:17:58,2017-06-30 23:32:21,25.679,-158.225,110,0.1036,13,21.4145,35.1845,21.393,2037.42685714286,2314.03428571429,8.01152571428571,NA,NA,NA,0.176362626233857,0.0850388629647652,4.41292709982679,0.152541279370261,1.78607831071116,1.49013536670826,0.269941053547062,0.262016571428571,0.507778857142857,0.0472,3.517,0.77,0,0.021
"180821_Smp_MS8C115m_C.mzML","Smp","MT","8",1,"15m",15.1,19,"C","MS8C115m_C","180821_Smp_MS8C115m",2018-08-21,2018-08-30 08:58:59,2017-06-30 18:11:24,25.925,-158.1235,122,0.1793,8,26.1443333333333,35.0786666666667,26.1413333333333,1992.8,2306,8.073,NA,NA,NA,0.00394014060795723,0.0432842161675777,4.75445227859499,0.200488981842448,1.18275163126562,1.88751436681534,0.236937687956526,0.0541,0.0317,0.0413593561368209,5.05528,1.65432,0.0100266666666667,0.00801666666666667
"180821_Smp_MS9C2175m_A.mzML","Smp","MT","9",2,"175m",175.8,1,"A","MS9C2175m_A","180821_Smp_MS9C2175m",2018-08-21,2018-08-30 09:49:28,2017-06-30 23:32:21,25.679,-158.225,110,0.1036,13,18.374,34.955,18.343,2049.7,2300,7.958,NA,NA,NA,2.76286925968168,0.264559210694649,3.67032123684917,0.106765544851623,3.51568159782506,0.611549848955446,0.115993375596628,0.0243,0.0617,0.00829506446579617,1.828064,0.015648,0,0.000968
"180821_Smp_MS14C215m_A.mzML","Smp","MT","14",2,"15m",15,20,"A","MS14C215m_A","180821_Smp_MS14C215m",2018-08-21,2018-08-30 21:36:40,2017-07-02 06:32:57,24.0005,-158.918166666667,105,0.073,20,26.3895,34.9275,26.3865,1988.6,2304,8.069,NA,NA,NA,0.00405339763430835,0.0620365763228807,4.83288980497635,0.195946554647076,1.94457526982527,2.11909832238736,0.268765138577552,0.0498,0.0307,0.045938469284995,4.705,1.478,0.008,0.006
"180821_Smp_MS10C215m_B.mzML","Smp","MT","10",2,"15m",16.4,21,"B","MS10C215m_B","180821_Smp_MS10C215m",2018-08-21,2018-08-30 22:27:06,2017-07-01 06:34:21,25.4318333333333,-158.327,110,0.0111,20,25.898,35.225,25.894,2004.6,2321,8.066,NA,NA,NA,0.00435522580899347,0.0417528470426954,4.78281819808169,0.198379599061737,1.61187642726945,1.7670683760574,0.27421462787444,0.049,0.0287,0.0417689607319968,4.57501333333333,1.54290666666667,0.011,0.00818666666666667
"180821_Smp_MS10C2175m_A.mzML","Smp","MT","10",2,"175m",176.9,1,"A","MS10C2175m_A","180821_Smp_MS10C2175m",2018-08-21,2018-08-31 00:08:08,2017-07-01 06:34:21,25.4318333333333,-158.327,110,0.0111,20,18.134,34.934,18.103,2051.2,2290,7.954,NA,NA,NA,1.91595255743204,0.194710451745001,3.86191365163761,0.10488628983745,3.26699753295167,0.634978575978297,0.124480695762235,0.0262,0.0594,0.0162907176604758,1.98044,0.040808,0,0.002772
"180821_Smp_MS10C2DCM_B.mzML","Smp","MT","10",2,"DCM",110,12,"B","MS10C2DCM_B","180821_Smp_MS10C2DCM",2018-08-21,2018-08-31 01:49:09,2017-07-01 06:34:21,25.4318333333333,-158.327,110,0.0111,20,20.756,35.172,20.735,2038.51861702128,2314.03723404255,8.00234042553192,NA,NA,NA,0.220196584670931,0.10746113260791,4.40188945645836,0.150550075533913,2.05053397155719,1.73935173199218,0.28156845394101,0.22081098265896,0.451231791907514,0.0421466315592547,3.84813043478261,1.22882608695652,0.00226086956521739,0.0235652173913043
"180821_Smp_MS4C115m_C.mzML","Smp","MT","4",1,"15m",15.3,22,"C","MS4C115m_C","180821_Smp_MS4C115m",2018-08-21,2018-08-31 03:30:08,2017-06-29 10:48:40,27.9516666666667,-157.283666666667,100,-0.0392,0,25.75,35.298,25.747,NA,NA,NA,NA,NA,NA,0.00153513621529575,0.0279059003094156,4.67443227841344,0.188522458100593,1.74195597286311,1.91298780110841,0.297072110924186,0.0536625407166124,0.0335055374592834,0.0355367573011077,5.00505,1.63757,0.01706,0.00808
"180821_Smp_MS6C3175m_A.mzML","Smp","MT","6",3,"175m",175.1,1,"A","MS6C3175m_A","180821_Smp_MS6C3175m",2018-08-21,2018-08-31 04:20:39,2017-06-30 09:34:20,26.37,-158.010666666667,119,0.252,23,20.4655,35.238,20.4325,2039.86713532513,2319.97891036907,8.02011599297012,NA,NA,NA,0.302195493467148,0.089155257107942,4.48367314241507,0.131063099752132,2.03257313013976,0.736236299090238,0.138280010017505,0.025813532513181,0.0647421792618629,0.0101808080808081,2.251816,0.019992,0,0.001
"180821_Smp_MS5C1175m_C.mzML","Smp","MT","5",1,"175m",175.8,3,"C","MS5C1175m_C","180821_Smp_MS5C1175m",2018-08-21,2018-08-31 06:01:38,2017-06-29 22:12:29,27.18,-157.6075,122,0.1837,12,19.09,35.007,19.059,2050.08823529412,2301.16176470588,7.96239705882353,NA,NA,NA,1.86909782347879,0.22198384769518,4.05729389423457,0.10766371467246,3.57347158346619,0.904722364527344,0.141363082613387,0.0701608695652174,0.180776086956522,0.0134761485826002,2.23456,0.093952,0,0.003968
"180821_Smp_MS9C215m_B.mzML","Smp","MT","9",2,"15m",15.5,21,"B","MS9C215m_B","180821_Smp_MS9C215m",2018-08-21,2018-08-31 06:52:09,2017-06-30 23:32:21,25.679,-158.225,110,0.1036,13,26.124,35.069,26.121,1996.98078817734,2312.08210180624,8.07077011494253,NA,NA,NA,0.00190376609681066,0.0474078477584135,4.84351832858193,0.199368625556775,1.54403075473537,2.13108346125847,0.258260512017903,0.0544344827586207,0.0310522167487685,0.0452812877263581,5.0477,1.63326666666667,0.0130333333333333,0.0091
"180821_Smp_MS8C1DCM_A.mzML","Smp","MT","8",1,"DCM",122.2,13,"A","MS8C1DCM_A","180821_Smp_MS8C1DCM",2018-08-21,2018-08-31 08:33:10,2017-06-30 18:11:24,25.925,-158.1235,122,0.1793,8,21.564,35.185,21.54,2037.90873180873,2315.13097713098,8.00904781704782,NA,NA,NA,0.462091698589509,0.12367134225723,4.32720161746912,0.142741932906812,1.83878696278216,1.60160177112167,0.290077444119985,0.234213721413721,0.533494594594595,0.0333071428571429,3.7072,0.913186666666666,0.000933333333333332,0.0225733333333333
"180821_Std_H2OInMatrix_3.mzML","Std","MT",NA,NA,NA,NA,NA,NA,NA,NA,2018-08-21,2018-08-31 10:14:12,NA,NA,NA,NA,NA,NA,NA,NA,NA,NA,NA,NA,NA,NA,NA,NA,NA,NA,NA,NA,NA,NA,NA,NA,NA,NA,NA,NA,NA
"180821_Std_4uMStdsMix1InMatrix_3.mzML","Std","MT",NA,NA,NA,NA,NA,NA,NA,NA,2018-08-21,2018-08-31 11:04:41,NA,NA,NA,NA,NA,NA,NA,NA,NA,NA,NA,NA,NA,NA,NA,NA,NA,NA,NA,NA,NA,NA,NA,NA,NA,NA,NA,NA,NA
"180821_Std_4uMStdsMix2InMatrix_3.mzML","Std","MT",NA,NA,NA,NA,NA,NA,NA,NA,2018-08-21,2018-08-31 11:55:13,NA,NA,NA,NA,NA,NA,NA,NA,NA,NA,NA,NA,NA,NA,NA,NA,NA,NA,NA,NA,NA,NA,NA,NA,NA,NA,NA,NA,NA
"180821_Std_4uMStdsMix1InH2O_3.mzML","Std","MT",NA,NA,NA,NA,NA,NA,NA,NA,2018-08-21,2018-08-31 12:45:42,NA,NA,NA,NA,NA,NA,NA,NA,NA,NA,NA,NA,NA,NA,NA,NA,NA,NA,NA,NA,NA,NA,NA,NA,NA,NA,NA,NA,NA
"180821_Std_4uMStdsMix2InH2O_3.mzML","Std","MT",NA,NA,NA,NA,NA,NA,NA,NA,2018-08-21,2018-08-31 13:36:13,NA,NA,NA,NA,NA,NA,NA,NA,NA,NA,NA,NA,NA,NA,NA,NA,NA,NA,NA,NA,NA,NA,NA,NA,NA,NA,NA,NA,NA
"190715_Std_H2OinMatrix_1.mzML","Std","FK",NA,NA,NA,NA,NA,NA,NA,NA,2019-07-15,2019-07-12 20:14:01,NA,NA,NA,NA,NA,NA,NA,NA,NA,NA,NA,NA,NA,NA,NA,NA,NA,NA,NA,NA,NA,NA,NA,NA,NA,NA,NA,NA,NA
"190715_Std_4uMStdsMix1InH2O_1.mzML","Std","FK",NA,NA,NA,NA,NA,NA,NA,NA,2019-07-15,2019-07-12 21:04:31,NA,NA,NA,NA,NA,NA,NA,NA,NA,NA,NA,NA,NA,NA,NA,NA,NA,NA,NA,NA,NA,NA,NA,NA,NA,NA,NA,NA,NA
"190715_Std_4uMStdsMix2InH2O_1.mzML","Std","FK",NA,NA,NA,NA,NA,NA,NA,NA,2019-07-15,2019-07-12 21:55:02,NA,NA,NA,NA,NA,NA,NA,NA,NA,NA,NA,NA,NA,NA,NA,NA,NA,NA,NA,NA,NA,NA,NA,NA,NA,NA,NA,NA,NA
"190715_Std_4uMStdsMix1InMatrix_1.mzML","Std","FK",NA,NA,NA,NA,NA,NA,NA,NA,2019-07-15,2019-07-12 22:45:31,NA,NA,NA,NA,NA,NA,NA,NA,NA,NA,NA,NA,NA,NA,NA,NA,NA,NA,NA,NA,NA,NA,NA,NA,NA,NA,NA,NA,NA
"190715_Std_4uMStdsMix2InMatrix_1.mzML","Std","FK",NA,NA,NA,NA,NA,NA,NA,NA,2019-07-15,2019-07-12 23:36:01,NA,NA,NA,NA,NA,NA,NA,NA,NA,NA,NA,NA,NA,NA,NA,NA,NA,NA,NA,NA,NA,NA,NA,NA,NA,NA,NA,NA,NA
"190715_Blk_KM1906U14-Blk_C.mzML","Blk","FK",NA,NA,NA,NA,NA,NA,NA,NA,2019-07-15,2019-07-14 08:25:46,NA,NA,NA,NA,NA,NA,NA,NA,NA,NA,NA,NA,NA,NA,NA,NA,NA,NA,NA,NA,NA,NA,NA,NA,NA,NA,NA,NA,NA
"190715_Std_H2OinMatrix_2.mzML","Std","FK",NA,NA,NA,NA,NA,NA,NA,NA,2019-07-15,2019-07-18 02:24:10,NA,NA,NA,NA,NA,NA,NA,NA,NA,NA,NA,NA,NA,NA,NA,NA,NA,NA,NA,NA,NA,NA,NA,NA,NA,NA,NA,NA,NA
"190715_Std_4uMStdsMix1InH2O_2.mzML","Std","FK",NA,NA,NA,NA,NA,NA,NA,NA,2019-07-15,2019-07-18 03:14:41,NA,NA,NA,NA,NA,NA,NA,NA,NA,NA,NA,NA,NA,NA,NA,NA,NA,NA,NA,NA,NA,NA,NA,NA,NA,NA,NA,NA,NA
"190715_Std_4uMStdsMix2InH2O_2.mzML","Std","FK",NA,NA,NA,NA,NA,NA,NA,NA,2019-07-15,2019-07-18 04:05:12,NA,NA,NA,NA,NA,NA,NA,NA,NA,NA,NA,NA,NA,NA,NA,NA,NA,NA,NA,NA,NA,NA,NA,NA,NA,NA,NA,NA,NA
"190715_Std_4uMStdsMix1InMatrix_2.mzML","Std","FK",NA,NA,NA,NA,NA,NA,NA,NA,2019-07-15,2019-07-18 04:55:40,NA,NA,NA,NA,NA,NA,NA,NA,NA,NA,NA,NA,NA,NA,NA,NA,NA,NA,NA,NA,NA,NA,NA,NA,NA,NA,NA,NA,NA
"190715_Std_4uMStdsMix2InMatrix_2.mzML","Std","FK",NA,NA,NA,NA,NA,NA,NA,NA,2019-07-15,2019-07-18 05:46:11,NA,NA,NA,NA,NA,NA,NA,NA,NA,NA,NA,NA,NA,NA,NA,NA,NA,NA,NA,NA,NA,NA,NA,NA,NA,NA,NA,NA,NA
"190715_Poo_TruePooFK180310_Half1.mzML","Poo","FK",NA,NA,NA,NA,NA,NA,NA,NA,2019-07-15,2019-07-18 16:42:48,NA,NA,NA,NA,NA,NA,NA,NA,NA,NA,NA,NA,NA,NA,NA,NA,NA,NA,NA,NA,NA,NA,NA,NA,NA,NA,NA,NA,NA
"190715_Poo_TruePooFK180310_Full1.mzML","Poo","FK",NA,NA,NA,NA,NA,NA,NA,NA,2019-07-15,2019-07-18 17:33:17,NA,NA,NA,NA,NA,NA,NA,NA,NA,NA,NA,NA,NA,NA,NA,NA,NA,NA,NA,NA,NA,NA,NA,NA,NA,NA,NA,NA,NA
"190715_Smp_FK180310S80C1-25m_B.mzML","Smp","FK","80",1,"25m",25,NA,"B",NA,"190715_Smp_FK180310S80C1-25m",2019-07-15,2019-07-18 19:14:20,2018-04-08 04:14:18,24.5821166666667,-160.882166666667,120,0.234,18,22.8816666666667,35.0646666666667,22.8766666666667,NA,NA,NA,NA,NA,NA,0.0111046797856204,0.0354680741350089,NA,NA,NA,2.1425085276425,0.317247962889452,NA,NA,NA,4.427,1.597,0.032,0.014
"190715_Smp_FK180310S62C1-25m_C.mzML","Smp","FK","62",1,"25m",25,NA,"C",NA,"190715_Smp_FK180310S62C1-25m",2019-07-15,2019-07-18 20:04:47,2018-04-03 15:32:50,22.1887833333333,-157.059333333333,98,-0.0843,5,22.9135,35.13175,22.9085,NA,NA,NA,217.869696969697,NA,NA,0.0107526319963869,0.0448572537602386,NA,NA,NA,2.13856075853924,0.342647428223196,NA,NA,NA,4.139,1.657,0.022,0.011
"190715_Smp_FK180310S77C1-DCM_A.mzML","Smp","FK","77",1,"DCM",125,NA,"A",NA,"190715_Smp_FK180310S77C1-DCM",2019-07-15,2019-07-18 21:45:48,2018-04-07 15:57:24,24.5856333333333,-160.864733333333,125,0.2349,5,22.578,35.161,22.553,NA,NA,NA,NA,NA,NA,0.0449100766551195,0.0507598726644468,NA,NA,NA,1.47909859104222,0.259641454733917,NA,NA,NA,4.821,0.597,0.017,0.02
"190715_Smp_FK180310S77C1-DCM_B.mzML","Smp","FK","77",1,"DCM",125,NA,"B",NA,"190715_Smp_FK180310S77C1-DCM",2019-07-15,2019-07-18 22:36:19,2018-04-07 15:57:24,24.5856333333333,-160.864733333333,125,0.2349,5,22.578,35.161,22.553,NA,NA,NA,NA,NA,NA,0.0449100766551195,0.0507598726644468,NA,NA,NA,1.47909859104222,0.259641454733917,NA,NA,NA,4.821,0.597,0.017,0.02
"190715_Smp_FK180310S62C1-DCM_B.mzML","Smp","FK","62",1,"DCM",98,NA,"B",NA,"190715_Smp_FK180310S62C1-DCM",2019-07-15,2019-07-19 00:17:18,2018-04-03 15:32:50,22.1887833333333,-157.059333333333,98,-0.0843,5,21.264,35.176,21.245,NA,NA,NA,214.150588235294,NA,NA,0.176498157634387,0.111369686319947,NA,NA,NA,1.9377367511103,0.335108873066223,NA,NA,NA,4.33176,0.75412,0.019,0.03376
"190715_Smp_FK180310S64C1-25m_B.mzML","Smp","FK","64",1,"25m",25,NA,"B",NA,"190715_Smp_FK180310S64C1-25m",2019-07-15,2019-07-19 01:07:51,2018-04-04 03:50:59,22.13305,-157.074233333333,115,-0.0888,17,22.9135,35.13175,22.9085,NA,NA,NA,217.869696969697,NA,NA,0.0107526319963869,0.0448572537602386,NA,NA,NA,2.13856075853924,0.342647428223196,NA,NA,NA,4.139,1.657,0.022,0.011
"190715_Smp_FK180310S62C1-DCM_A.mzML","Smp","FK","62",1,"DCM",98,NA,"A",NA,"190715_Smp_FK180310S62C1-DCM",2019-07-15,2019-07-19 02:48:50,2018-04-03 15:32:50,22.1887833333333,-157.059333333333,98,-0.0843,5,21.264,35.176,21.245,NA,NA,NA,214.150588235294,NA,NA,0.176498157634387,0.111369686319947,NA,NA,NA,1.9377367511103,0.335108873066223,NA,NA,NA,4.33176,0.75412,0.019,0.03376
"190715_Smp_FK180310S64C1-DCM_A.mzML","Smp","FK","64",1,"DCM",115,NA,"A",NA,"190715_Smp_FK180310S64C1-DCM",2019-07-15,2019-07-19 03:39:21,2018-04-04 03:50:59,22.13305,-157.074233333333,115,-0.0888,17,21.0155,35.17,20.9935833333333,NA,NA,NA,208.833333333333,NA,NA,1.1390766800677,0.175838467820766,NA,NA,NA,2.09935876922329,0.338182926389952,NA,NA,NA,3.3146,0.4608,0.019,0.021
"190715_Smp_FK180310S80C1-25m_C.mzML","Smp","FK","80",1,"25m",25,NA,"C",NA,"190715_Smp_FK180310S80C1-25m",2019-07-15,2019-07-19 05:20:20,2018-04-08 04:14:18,24.5821166666667,-160.882166666667,120,0.234,18,22.8816666666667,35.0646666666667,22.8766666666667,NA,NA,NA,NA,NA,NA,0.0111046797856204,0.0354680741350089,NA,NA,NA,2.1425085276425,0.317247962889452,NA,NA,NA,4.427,1.597,0.032,0.014
"190715_Smp_FK180310S64C1-25m_C.mzML","Smp","FK","64",1,"25m",25,NA,"C",NA,"190715_Smp_FK180310S64C1-25m",2019-07-15,2019-07-19 06:10:51,2018-04-04 03:50:59,22.13305,-157.074233333333,115,-0.0888,17,22.9135,35.13175,22.9085,NA,NA,NA,217.869696969697,NA,NA,0.0107526319963869,0.0448572537602386,NA,NA,NA,2.13856075853924,0.342647428223196,NA,NA,NA,4.139,1.657,0.022,0.011
"190715_Smp_FK180310S62C1-25m_A.mzML","Smp","FK","62",1,"25m",25,NA,"A",NA,"190715_Smp_FK180310S62C1-25m",2019-07-15,2019-07-19 07:51:53,2018-04-03 15:32:50,22.1887833333333,-157.059333333333,98,-0.0843,5,22.9135,35.13175,22.9085,NA,NA,NA,217.869696969697,NA,NA,0.0107526319963869,0.0448572537602386,NA,NA,NA,2.13856075853924,0.342647428223196,NA,NA,NA,4.139,1.657,0.022,0.011
"190715_Smp_FK180310S77C1-25m_C.mzML","Smp","FK","77",1,"25m",25,NA,"C",NA,"190715_Smp_FK180310S77C1-25m",2019-07-15,2019-07-19 08:42:23,2018-04-07 15:57:24,24.5856333333333,-160.864733333333,125,0.2349,5,22.8816666666667,35.0646666666667,22.8766666666667,NA,NA,NA,NA,NA,NA,0.0111046797856204,0.0354680741350089,NA,NA,NA,2.1425085276425,0.317247962889452,NA,NA,NA,4.427,1.597,0.032,0.014
"190715_Poo_TruePooFK180310_Half2.mzML","Poo","FK",NA,NA,NA,NA,NA,NA,NA,NA,2019-07-15,2019-07-19 11:13:53,NA,NA,NA,NA,NA,NA,NA,NA,NA,NA,NA,NA,NA,NA,NA,NA,NA,NA,NA,NA,NA,NA,NA,NA,NA,NA,NA,NA,NA
"190715_Poo_TruePooFK180310_Full2.mzML","Poo","FK",NA,NA,NA,NA,NA,NA,NA,NA,2019-07-15,2019-07-19 12:04:26,NA,NA,NA,NA,NA,NA,NA,NA,NA,NA,NA,NA,NA,NA,NA,NA,NA,NA,NA,NA,NA,NA,NA,NA,NA,NA,NA,NA,NA
"190715_Smp_FK180310S80C1-DCM_C.mzML","Smp","FK","80",1,"DCM",120,NA,"C",NA,"190715_Smp_FK180310S80C1-DCM",2019-07-15,2019-07-19 13:45:25,2018-04-08 04:14:18,24.5821166666667,-160.882166666667,120,0.234,18,22.614,35.158,22.59,NA,NA,NA,NA,NA,NA,0.0428070665010286,0.0500760458737882,NA,NA,NA,1.57656088068312,0.260858738564936,NA,NA,NA,4.72234099616858,0.795659003831418,0.0223639846743295,0.0198084291187739
"190715_Smp_FK180310S77C1-25m_B.mzML","Smp","FK","77",1,"25m",25,NA,"B",NA,"190715_Smp_FK180310S77C1-25m",2019-07-15,2019-07-19 14:35:56,2018-04-07 15:57:24,24.5856333333333,-160.864733333333,125,0.2349,5,22.8816666666667,35.0646666666667,22.8766666666667,NA,NA,NA,NA,NA,NA,0.0111046797856204,0.0354680741350089,NA,NA,NA,2.1425085276425,0.317247962889452,NA,NA,NA,4.427,1.597,0.032,0.014
"190715_Smp_FK180310S80C1-DCM_A.mzML","Smp","FK","80",1,"DCM",120,NA,"A",NA,"190715_Smp_FK180310S80C1-DCM",2019-07-15,2019-07-19 16:16:55,2018-04-08 04:14:18,24.5821166666667,-160.882166666667,120,0.234,18,22.614,35.158,22.59,NA,NA,NA,NA,NA,NA,0.0428070665010286,0.0500760458737882,NA,NA,NA,1.57656088068312,0.260858738564936,NA,NA,NA,4.72234099616858,0.795659003831418,0.0223639846743295,0.0198084291187739
"190715_Smp_FK180310S80C1-DCM_B.mzML","Smp","FK","80",1,"DCM",120,NA,"B",NA,"190715_Smp_FK180310S80C1-DCM",2019-07-15,2019-07-19 19:01:18,2018-04-08 04:14:18,24.5821166666667,-160.882166666667,120,0.234,18,22.614,35.158,22.59,NA,NA,NA,NA,NA,NA,0.0428070665010286,0.0500760458737882,NA,NA,NA,1.57656088068312,0.260858738564936,NA,NA,NA,4.72234099616858,0.795659003831418,0.0223639846743295,0.0198084291187739
"190715_Smp_FK180310S77C1-25m_A.mzML","Smp","FK","77",1,"25m",25,NA,"A",NA,"190715_Smp_FK180310S77C1-25m",2019-07-15,2019-07-19 20:42:18,2018-04-07 15:57:24,24.5856333333333,-160.864733333333,125,0.2349,5,22.8816666666667,35.0646666666667,22.8766666666667,NA,NA,NA,NA,NA,NA,0.0111046797856204,0.0354680741350089,NA,NA,NA,2.1425085276425,0.317247962889452,NA,NA,NA,4.427,1.597,0.032,0.014
"190715_Smp_FK180310S80C1-25m_A.mzML","Smp","FK","80",1,"25m",25,NA,"A",NA,"190715_Smp_FK180310S80C1-25m",2019-07-15,2019-07-19 21:32:50,2018-04-08 04:14:18,24.5821166666667,-160.882166666667,120,0.234,18,22.8816666666667,35.0646666666667,22.8766666666667,NA,NA,NA,NA,NA,NA,0.0111046797856204,0.0354680741350089,NA,NA,NA,2.1425085276425,0.317247962889452,NA,NA,NA,4.427,1.597,0.032,0.014
"190715_Smp_FK180310S77C1-DCM_C.mzML","Smp","FK","77",1,"DCM",125,NA,"C",NA,"190715_Smp_FK180310S77C1-DCM",2019-07-15,2019-07-19 23:13:50,2018-04-07 15:57:24,24.5856333333333,-160.864733333333,125,0.2349,5,22.578,35.161,22.553,NA,NA,NA,NA,NA,NA,0.0449100766551195,0.0507598726644468,NA,NA,NA,1.47909859104222,0.259641454733917,NA,NA,NA,4.821,0.597,0.017,0.02
"190715_Smp_FK180310S62C1-DCM_C.mzML","Smp","FK","62",1,"DCM",98,NA,"C",NA,"190715_Smp_FK180310S62C1-DCM",2019-07-15,2019-07-20 00:04:18,2018-04-03 15:32:50,22.1887833333333,-157.059333333333,98,-0.0843,5,21.264,35.176,21.245,NA,NA,NA,214.150588235294,NA,NA,0.176498157634387,0.111369686319947,NA,NA,NA,1.9377367511103,0.335108873066223,NA,NA,NA,4.33176,0.75412,0.019,0.03376
"190715_Smp_FK180310S64C1-25m_A.mzML","Smp","FK","64",1,"25m",25,NA,"A",NA,"190715_Smp_FK180310S64C1-25m",2019-07-15,2019-07-20 01:45:20,2018-04-04 03:50:59,22.13305,-157.074233333333,115,-0.0888,17,22.9135,35.13175,22.9085,NA,NA,NA,217.869696969697,NA,NA,0.0107526319963869,0.0448572537602386,NA,NA,NA,2.13856075853924,0.342647428223196,NA,NA,NA,4.139,1.657,0.022,0.011
"190715_Smp_FK180310S64C1-DCM_C.mzML","Smp","FK","64",1,"DCM",115,NA,"C",NA,"190715_Smp_FK180310S64C1-DCM",2019-07-15,2019-07-20 02:35:48,2018-04-04 03:50:59,22.13305,-157.074233333333,115,-0.0888,17,21.0155,35.17,20.9935833333333,NA,NA,NA,208.833333333333,NA,NA,1.1390766800677,0.175838467820766,NA,NA,NA,2.09935876922329,0.338182926389952,NA,NA,NA,3.3146,0.4608,0.019,0.021
"190715_Smp_FK180310S62C1-25m_B.mzML","Smp","FK","62",1,"25m",25,NA,"B",NA,"190715_Smp_FK180310S62C1-25m",2019-07-15,2019-07-20 04:16:50,2018-04-03 15:32:50,22.1887833333333,-157.059333333333,98,-0.0843,5,22.9135,35.13175,22.9085,NA,NA,NA,217.869696969697,NA,NA,0.0107526319963869,0.0448572537602386,NA,NA,NA,2.13856075853924,0.342647428223196,NA,NA,NA,4.139,1.657,0.022,0.011
"190715_Smp_FK180310S64C1-DCM_B.mzML","Smp","FK","64",1,"DCM",115,NA,"B",NA,"190715_Smp_FK180310S64C1-DCM",2019-07-15,2019-07-20 05:07:23,2018-04-04 03:50:59,22.13305,-157.074233333333,115,-0.0888,17,21.0155,35.17,20.9935833333333,NA,NA,NA,208.833333333333,NA,NA,1.1390766800677,0.175838467820766,NA,NA,NA,2.09935876922329,0.338182926389952,NA,NA,NA,3.3146,0.4608,0.019,0.021
"190715_Poo_TruePooFK180310_Half3.mzML","Poo","FK",NA,NA,NA,NA,NA,NA,NA,NA,2019-07-15,2019-07-20 07:38:51,NA,NA,NA,NA,NA,NA,NA,NA,NA,NA,NA,NA,NA,NA,NA,NA,NA,NA,NA,NA,NA,NA,NA,NA,NA,NA,NA,NA,NA
"190715_Poo_TruePooFK180310_Full3.mzML","Poo","FK",NA,NA,NA,NA,NA,NA,NA,NA,2019-07-15,2019-07-20 08:29:25,NA,NA,NA,NA,NA,NA,NA,NA,NA,NA,NA,NA,NA,NA,NA,NA,NA,NA,NA,NA,NA,NA,NA,NA,NA,NA,NA,NA,NA
